Index	FileName	SentenceHebrew	Transcription	Russian
1	s_43a3f467d43b.mp3	אֲנִי רוֹצֶה מַיִם קָרִים.	анӣ роцэ́ мáйим карӣ́м.	Я хочу холодную воду.
2	s_452c0ecb28cd.mp3	הוּא שׁוֹתֶה תֵּה בַּבֹּקֶר.	hу шотэ́ тэ ба-бóкер.	Он пьёт чай утром.
3	s_24be46eef63b.mp3	אֲנִי אוֹכֵל לֶחֶם וּגְבִינָה.	анӣ охéль лéхем у-гвинá.	Я ем хлеб и сыр.
4	s_ecebf5bfeb71.mp3	הוּא אָכַל בַּבַּיִת.	hу ахáль ба-бáйит.	Он ел дома.
5	s_91be08f55a95.mp3	דָּוִד הוֹלֵךְ לָאוּלְפָּן.	давӣ́д hолéх ла-ульпáн.	Давид идёт в ульпан.
6	s_8f08c6e2916e.mp3	אֲנִי קוֹרֵא סֵפֶר בָּעֶרֶב.	анӣ корé сéфер ба-э́рев.	Я читаю книгу вечером.
7	s_a8f7f47e399c.mp3	הוּא קָרָא אֶת הַחֲדָשׁוֹת.	hу карá эт hа-хадашóт.	Он прочитал новости.
8	s_e1ed38018338.mp3	הוּא עוֹבֵד בְּמִשְׂרָד.	hу овéд бэ-мисрáд.	Он работает в офисе.
9	s_2a9337de731b.mp3	אַתָּה יוֹדֵעַ אֶת הַתְּשׁוּבָה?	атá йодéа эт hа-тшувá?	Ты знаешь ответ?
10	s_0378a97bbdc2.mp3	אֲנִי רוֹאֶה אֶת הַיָּם.	анӣ роэ́ эт hа-ям.	Я вижу море.
11	s_96d96009a641.mp3	דָּוִד בָּא אֶתְמוֹל לָאוּלְפָּן.	давӣ́д ба этмóль ла-ульпáн.	Давид пришёл вчера в ульпан.
12	s_bc9b033910f6.mp3	מָה אַתָּה עוֹשֶׂה הַיּוֹם?	ма атá осэ́ hа-йом?	Что ты делаешь сегодня?
13	s_ae79c0e63003.mp3	אֲנִי שׁוֹמֵעַ מוּזִיקָה.	анӣ шомéа мӯ́зика.	Я слушаю музыку.
14	s_a83fc20adc95.mp3	הוּא פּוֹגֵשׁ אֶת הַחֲבֵר.	hу погéш эт hа-хавéр.	Он встречает друга.
15	s_2bc00328324f.mp3	הוּא פּוֹתֵחַ אֶת הַדֶּלֶת.	hу потéах эт hа-дéлет.	Он открывает дверь.
16	s_eac573c83a5f.mp3	הוּא סוֹגֵר אֶת הַחַלּוֹן.	hу согéр эт hа-халóн.	Он закрывает окно.
17	s_cb275df8b774.mp3	הוּא עוֹמֵד לְיַד הַתַּחֲנָה.	hу омéд лэ-яд hа-таханá.	Он стоит возле остановки.
18	s_70c378803429.mp3	אֲנִי לוֹקֵחַ תַּפּוּחַ וּמַיִם.	анӣ локéах тапӯ́ах у-мáйим.	Я беру яблоко и воду.
19	s_b33becaa17e0.mp3	הוּא אוֹמֵר שָׁלוֹם וְתוֹדָה.	hу омéр шалóм вэ-тодá.	Он говорит привет и спасибо.
20	s_ecd5d3ffc2ed.mp3	דָּוִד נוֹסֵעַ בָּאוֹטוֹבּוּס לָעֲבוֹדָה.	давӣ́д носéа ба-отóбус ла-аводá.	Давид едет на автобусе на работу.
21	s_c323e00f17a7.mp3	אֲנִי חוֹזֵר הַבַּיְתָה בָּעֶרֶב.	анӣ хозéр hабáйта ба-э́рев.	Я возвращаюсь домой вечером.
22	s_e6e61210a8a3.mp3	הוּא חָזַר מֵהָעֲבוֹדָה עָיֵף.	hу хазáр ме-hа-аводá айéф.	Он вернулся с работы уставшим.
23	s_273f59d95e65.mp3	אֲנִי עוֹזֵר לַחֲבֵר בָּאוּלְפָּן.	анӣ озéр ла-хавéр ба-ульпáн.	Я помогаю другу в ульпане.
24	s_6a9612aca3ca.mp3	אֲנִי זוֹכֵר אֶת כָּל הַמִּלִּים.	анӣ зохéр эт коль hа-милӣ́м.	Я помню все слова.
25	s_08a1a62770e2.mp3	הוּא שׁוֹכֵחַ אֶת הַמַּפְתֵּחוֹת שׁוּב.	hу шохéах эт hа-мафтехóт шув.	Он снова забывает ключи.
26	s_f2f74bfb6248.mp3	אֲנִי חוֹשֵׁב עַל הָעֲבוֹדָה.	анӣ хошéв аль hа-аводá.	Я думаю о работе.
27	s_b0d5f69360ac.mp3	דָּוִד מוֹצֵא אֶת הָרְחוֹב בְּקַלּוּת.	давӣ́д моцé эт hа-рехóв бе-калӯ́т.	Давид легко находит улицу.
28	s_52b13987ebf3.mp3	אֲנִי אוֹהֵב קָפֶה חָזָק בַּבֹּקֶר.	анӣ оhéв кáфэ хазáк ба-бóкер.	Я люблю крепкий кофе утром.
29	s_bcb263cc8c69.mp3	הוּא שָׂם סוּכָּר בַּתֵּה שֶׁלּוֹ.	hу сам сукáр ба-тэ шелó.	Он кладёт сахар в свой чай.
30	s_00aadc6c77fe.mp3	אֲנִי קָם מוּקְדָּם בַּבֹּקֶר תָּמִיד.	анӣ кам мукдáм ба-бóкер тамӣ́д.	Я всегда встаю рано утром.
31	s_50772a2c3586.mp3	הַיֶּלֶד יָשֵׁן עַכְשָׁיו בַּחֶדֶר.	hа-йéлед яшéн ахшáв ба-хéдер.	Ребёнок сейчас спит в комнате.
32	s_6f2df88b1c74.mp3	דָּוִד מָכַר אֶת הַמְּכוֹנִית שֶׁלּוֹ.	давӣ́д махáр эт hа-мехонӣ́т шелó.	Давид продал свою машину.
33	s_7c50bda65931.mp3	אֲנִי בּוֹחֵר יְרָקוֹת טְרִיִּים בַּחֲנוּת.	анӣ бохéр йеракот терийӣ́м ба-ханӯ́т.	Я выбираю свежие овощи в магазине.
34	s_8fcca8a73bb1.mp3	הוּא שׁוֹמֵר עַל הַכֶּסֶף בַּבַּנְק.	hу шомéр аль hа-кéсеф ба-банк.	Он хранит деньги в банке.
35	s_5899dcabc40d.mp3	דָּוִד עוֹבֵר לְדִירָה חֲדָשָׁה הַחֹדֶשׁ.	давӣ́д овéр ле-дирá хадашá hа-хóдеш.	Давид переезжает в новую квартиру в этом месяце.
36	s_2da887c47d58.mp3	אֲנִי מְדַבֵּר עִם הַמּוֹרֶה עִבְרִית.	анӣ медабéр им hа-морé иврӣ́т.	Я говорю с учителем на иврите.
37	s_e9339fab4124.mp3	הוּא מְבַקֵּשׁ עֶזְרָה מֵהַחֲבֵר.	hу мевакéш эзрá ме-hа-хавéр.	Он просит помощи у друга.
38	s_5d3ab4add6ab.mp3	אֲנִי מְשַׁלֵּם בְּכַרְטִיס אַשְׁרַאי עַכְשָׁיו.	анӣ мешалéм бе-хартӣ́с ашрáй ахшáв.	Я сейчас плачу кредитной картой.
39	s_f9b9e926f51a.mp3	אֲנִי מְחַפֵּשׂ דִּירָה בְּתֵל-אָבִיב.	анӣ мехапéс дирá бе-тель-авӣ́в.	Я ищу квартиру в Тель-Авиве.
40	s_a90f21bf6404.mp3	אֲנִי מְקַבֵּל חֲבִילָה מֵהַדֹּאַר הַיּוֹם.	анӣ мекабéль хавилá ме-hа-дóар hайóм.	Я получаю посылку с почты сегодня.
41	s_30c3fd844b22.mp3	אֲנִי מְבַשֵּׁל מָרָק טָעִים בַּמִּטְבָּח.	анӣ мевашéль марáк таӣ́м ба-митбáх.	Я готовлю вкусный суп на кухне.
42	s_f3b5825f7cbd.mp3	דָּוִד מְנַקֶּה אֶת הַשּׁוּלְחָן בַּסָּלוֹן.	давӣ́д менакé эт hа-шульхáн ба-салóн.	Давид вытирает стол в гостиной.
43	s_0f662b1090cc.mp3	אֲנִי מְצַלֵּם אֶת הַנּוֹף הַיָּפֶה.	анӣ мецалéм эт hа-ноф hа-яфé.	Я фотографирую красивый вид.
44	s_9303873956db.mp3	בֶּעָבָר הוּא עִשֵּׁן סִיגַרְיוֹת הַרְבֵּה.	ба-авáр hу ишéн сигарйóт hарбé.	В прошлом он курил много сигарет.
45	s_cdae8f0dd8e0.mp3	אֲנִי מְחַכֶּה לָאוֹטוֹבּוּס בַּתַּחֲנָה הַמֶּרְכָּזִית.	анӣ мехакé ла-отóбус ба-таханá hа-мерказӣ́т.	Я жду автобус на центральной станции.
46	s_9f8356494e8f.mp3	אֲנִי מְקַוֶּוה לְטוֹב תָּמִיד בַּחַיִּים.	анӣ мекавé ле-тов тамӣ́д ба-хайӣ́м.	Я всегда надеюсь на лучшее в жизни.
47	s_9a74f19b9395.mp3	הוּא מְשַׁנֶּה אֶת הַתּוֹכְנִית שֶׁלּוֹ.	hу мешанé эт hа-тохнӣ́т шелó.	Он меняет свой план.
48	s_6519d6e7a4d4.mp3	אֲנִי מְנַסֶּה לְדַבֵּר עִבְרִית.	анӣ менасé ледабéр иврӣ́т.	Я стараюсь говорить на иврите каждый день.
49	s_6df14efe373d.mp3	אֲנִי מְאַחֵל לְךָ הַצְלָחָה רַבָּה.	анӣ меахéль лехá hацлахá рабá.	Я желаю тебе больших успехов.
50	s_0d2bd44599f0.mp3	דָּוִד מְאַרְגֵּן מְסִבָּה יָפָה בָּעֶרֶב.	давӣ́д меаргéн месибá яфá ба-э́рев.	Давид организует хорошую вечеринку вечером.
51	s_baf43caddbc8.mp3	אֲנִי מַרְגִּישׁ מְצוּיָּן הַיּוֹם בַּבֹּקֶר.	анӣ маргӣ́ш мецуйáн hайóм ба-бóкер.	Я чувствую себя отлично сегодня утром.
52	s_2c06af4aaf7d.mp3	אֲנִי מַזְמִין פִּיצָה חַמָּה לַבַּיִת.	анӣ мазмӣ́н пӣ́ца хамá ла-бáйит.	Я заказываю горячую пиццу на дом.
53	s_22036e84a524.mp3	אֲנִי מֵבִין אֶת הַשְּׁאֵלָה הֵיטֵב.	анӣ мевӣ́н эт hа-шеэлá hейтéв.	Я хорошо понимаю вопрос.
54	s_cd8af1314aab.mp3	אֲנִי מַכִּיר אֶת הָאִישׁ הַזֶּה.	анӣ макӣ́р эт hа-иш hа-зэ.	Я знаю этого человека.
55	s_0facc876fb93.mp3	דָּוִד מֵבִיא עוּגָה טְעִימָה לַמְּסִבָּה.	давӣ́д мевӣ́ угá теимá ла-месибá.	Давид приносит вкусный пирог на вечеринку.
56	s_b1b621344a82.mp3	אֲנִי מַדְלִיק אֶת הָאוֹר בַּחֶדֶר.	анӣ мадлӣ́к эт hа-ор ба-хéдер.	Я включаю свет в комнате.
57	s_7af48f922782.mp3	אֲנִי מַעֲדִיף תֵּה עַל קָפֶה.	анӣ маадӣ́ф тэ аль кáфэ.	Я предпочитаю чай кофе.
58	s_9caef0e37c6e.mp3	אֲנִי מַסְכִּים עִם כָּל מִלָּה.	анӣ маскӣ́м им коль милá.	Я согласен с каждым словом.
59	s_4bb2599119f6.mp3	דָּוִד מִתְרַחֵץ בַּמַּיִם חַמִּים בַּבֹּקֶר.	давӣ́д митрахéц ба-мáйим хамӣ́м ба-бóкер.	Давид моется тёплой водой утром.
60	s_924c149a3046.mp3	הַיֶּלֶד מִתְלַבֵּשׁ לְבַד יָפֶה מְאֹד.	hа-йéлед митлабéш левáд яфé меóд.	Ребёнок очень хорошо одевается сам.
61	s_63c9d63f5dd0.mp3	אֲנִי מִתְרַגֵּשׁ מֵהַפְּגִישָׁה הַחֲדָשָׁה הַיּוֹם.	анӣ митрагéш ме-hа-пгишá hа-хадашá hайóм.	Я волнуюсь из-за новой встречи сегодня.
62	s_49d9dd7f7512.mp3	אֲנִי מִשְׁתַּמֵּשׁ בַּמַּחְשֵׁב בָּעֲבוֹדָה תָּמִיד.	анӣ миштамéш ба-махшéв ба-аводá тамӣ́д.	Я всегда пользуюсь компьютером на работе.
63	s_adff542c8478.mp3	דָּוִד הִתְחַתֵּן עִם שָׂרָה.	давӣ́д hитхатéн им сарá.	Давид женился на Саре.
64	s_d90a52c46128.mp3	אֲנִי מִצְטַעֵר עַל הַטָּעוּת הַזֹּאת.	анӣ мицтаэ́р аль hа-таӯ́т hа-зот.	Я сожалею об этой ошибке.
65	s_d9c35f2bbba9.mp3	אֲנִי מִתְקַשֵּׁר לְאִמָּא בָּעֶרֶב.	анӣ миткашéр ле-и́ма коль йом ба-э́рев.	Я звоню маме вечером.
66	s_62b0d6f8bf88.mp3	אֲנִי מִתְרַגֵּל לַמֶּזֶג הָאֲוִיר בָּאָרֶץ.	анӣ митрагéль ла-мéзег hа-авӣ́р ба-áрец.	Я привыкаю к погоде в Израиле.
67	s_e3d9d081bfa7.mp3	אֲנִי נִשְׁאָר בַּבַּיִת הַיּוֹם בָּעֶרֶב.	анӣ ниш’áр ба-бáйит hайóм ба-э́рев.	Я остаюсь дома сегодня вечером.
68	s_61b76af1a310.mp3	הוּא נִזְהָר מְאֹד בַּכְּבִישׁ הַסּוֹאֵן.	hу низháр меóд ба-квӣ́ш hа-соэ́н.	Он очень осторожен на оживлённой дороге.
69	s_910ff739814a.mp3	אֲנִי נִזְכָּר בַּסִּפּוּר הַיָּפֶה עַכְשָׁיו.	анӣ низкáр ба-сипӯ́р hа-яфé ахшáв.	Я сейчас вспоминаю красивую историю.
70	s_15c39e20757b.mp3	אֲנִי מַסְפִּיק לָרַכֶּבֶת בַּבֹּקֶר תָּמִיד.	анӣ маспӣ́к ла-ракéвет ба-бóкер тамӣ́д.	Я всегда утром успеваю на поезд.
71	s_417081c4b247.mp3	הוּא מַשְׁקִיעַ בַּעֲסָקִים חֲדָשִׁים בָּאָרֶץ.	hу машкӣ́а бе-асакӣ́м хадашӣ́м ба-áрец.	Он инвестирует в новые бизнесы в стране.
72	s_cee4a05fe8fb.mp3	אֲנִי מַצִּיעַ פִּתָּרוֹן חָכָם לַבְּעָיָה.	анӣ мацӣ́а питарóн хахáм ла-беайá.	Я предлагаю умное решение проблемы.
73	s_98662a60ad5a.mp3	אֲנִי מַבְטִיחַ לַעֲזוֹר לְךָ תָּמִיד.	анӣ мавтӣ́ах лаазóр лехá тамӣ́д.	Я обещаю всегда помогать тебе.
74	s_d375e8d83026.mp3	הוּא מִתְנַדֵּב בְּמָדָ״א כָּל שָׁבוּעַ.	hу митнадéв бе-мадá коль шавӯ́а.	Он волонтёрит в скорой помощи каждую неделю.
75	s_d91c6335fd20.mp3	הַיֶּלֶד מִתְנַהֵג יָפֶה מְאֹד בַּכִּתָּה.	hа-йéлед митнаhéг яфé меóд ба-китá.	Ребёнок очень хорошо ведёт себя в классе.
76	s_0e3abe883b9a.mp3	הוּא מְטַפֵּל בַּסָּבָא הַיּוֹם.	hу метапéль ба-сáба hайóм.	Он ухаживает за дедушкой сегодня.
77	s_115a524a166b.mp3	הוּא שׁוֹטֵף אֶת הָרִצְפָּה כָּעֵת.	hу шотéф эт hа-рицпá ка-э́т.	Он моет пол сейчас.
78	s_d21d6a89297b.mp3	הוּא מַלְבִּישׁ אֶת הַמְּטוּפָּל בִּזְהִירוּת.	hу мальбӣ́ш эт hа-метупáль бизhирӯ́т.	Он осторожно одевает подопечного.
79	s_0b01f08e2289.mp3	הוּא מַאֲכִיל אֶת הַסָּבָא בְּמָרָק.	hу маахӣ́ль эт hа-сáба бэ-марáк.	Он кормит дедушку супом.
80	s_a275dad37b65.mp3	הוּא מַשְׁקֶה אוֹתוֹ בְּמַיִם קָרִים.	hу машкé отó бэ-мáйим карӣ́м.	Он поит его холодной водой.
81	s_04cfe0981726.mp3	הוּא מַשְׁכִּיב אֶת הַחוֹלֶה בַּמִּטָּה.	hу машкӣ́в эт hа-холé ба-митá.	Он укладывает больного в постель.
82	s_6956a2c93fd1.mp3	הוּא מַעֲמִיד אוֹתוֹ עַל הָרַגְלַיִם.	hу маамӣ́д отó аль hа-раглáим.	Он ставит его на ноги.
83	s_67718614aafd.mp3	הוּא תּוֹמֵךְ בּוֹ בִּזְמַן הַהֲלִיכָה.	hу томéх бо бизмáн hа-hалихá.	Он поддерживает его во время ходьбы.
84	s_d8158e40996f.mp3	הוּא מְחַמֵּם אֶת הָאוֹכֶל בַּמִּיקְרוֹגַל.	hу мехамéм эт hа-óхель ба-микрогáль.	Он греет еду в микроволновке.
85	s_f5c303c4c772.mp3	הוּא מוֹדֵד לָהּ לַחַץ דָּם.	hу модéд ла лáхац дам.	Он измеряет ей давление.
86	s_b054c4ef91da.mp3	הוּא מַרְגִּיעַ אֶת הַחוֹלֶה הַמְּבֹהָל.	hу маргӣ́а эт hа-холé hа-мевоháль.	Он успокаивает испуганного больного.
87	s_ff72a66854a5.mp3	הוּא מַחֲזִיר הַכֹּל לַמָּקוֹם.	hу махазӣ́р hа-коль ла-макóм.	Он возвращает всё на место.
88	s_28575072ec16.mp3	הוּא מְדַוֵּחַ עַל הַמַּצָּב לָאָחוֹת.	hу медавéах аль hа-мацáв ла-ахóт.	Он докладывает о состоянии медсестре.
89	s_3c7f1f9491cf.mp3	הוּא מְעוֹדֵד אֶת הַסָּבָא תָּמִיד.	hу меодéд эт hа-сáба тамӣ́д.	Он всегда подбадривает дедушку.
90	s_231976ccbdda.mp3	הוּא מְלַוֶּה אֶת הַקָּשִׁישׁ לַבַּנְק.	hу мелавé эт hа-кашӣ́ш ла-банк.	Он сопровождает пожилого человека в банк.
91	s_e5afa2bf35b2.mp3	הוּא מְנַחֵם אֶת הַחָבֵר הֶעָצוּב.	hу менахéм эт hа-хавéр hе-ацӯ́в.	Он утешает грустного друга.
92	s_db99b31e5d4f.mp3	הַיֶּלֶד גּוֹזֵר נְיָר בְּמִסְפָּרַיִם.	hа-йéлед гозéр нейáр бэ-миспарáим.	Ребёнок режет бумагу ножницами.
93	s_e737d4a0a4f2.mp3	יוֹסִי מַרְכִּיב פָּאזֶל גָּדוֹל הַיּוֹם.	йосӣ́ маркӣ́в пáзель гадóль hайóм.	Йоси собирает большой пазл сегодня.
94	s_da3399175be3.mp3	הַיֶּלֶד שׁוֹכֵב עַל הַמִּזְרָן.	hа-йéлед шохéв аль hа-мизрáн.	Ребёнок лежит на матрасе.
95	s_81cf2b3de226.mp3	הוּא נוֹעֵל נַעֲלַיִם לְבַד הַיּוֹם.	hу ноэ́ль наалáим левáд hайóм.	Он надевает обувь сам сегодня.
96	s_584b8ab94a1b.mp3	הוּא מַפְנֶה אוֹתִי לִבְדִיקוֹת.	hу мафнé отӣ́ ли-вдикóт.	Он направляет меня на анализы.
97	s_611e9cbb4c35.mp3	הוּא חוֹבֵשׁ אֶת הַיָּד הַפְּצוּעָה.	hу ховéш эт hа-яд hа-пцуá.	Он перевязывает раненую руку.
98	s_ae03f281f077.mp3	הוּא מַרְדִּים לִפְנֵי הַנִּתּוּחַ.	hу мардӣ́м лифнéй hа-нитӯ́ах.	Он даёт наркоз перед операцией.
99	s_481bc01c727b.mp3	הוּא מַחְלִים מֵהַמַּחֲלָה בְּקָרוֹב.	hу махлӣ́м ме-hа-махалá бэ-карóв.	Он скоро поправляется от болезни.
100	s_28004ff8cabe.mp3	הוּא מִשְׁתַּעֵל בְּלִי הַפְסָקָה הַיּוֹם.	hу миштаэ́ль бли hафсакá hайóм.	Он кашляет без перерыва сегодня.
101	s_da365aa30b45.mp3	הַיֶּלֶד מֵקִיא מֵהַרְעָלַת קֵבָה.	hа-йéлед мекӣ́ ме-hаральáт кевá.	Ребёнка рвёт от отравления.
102	s_26318dd6ff20.mp3	הוּא נוֹשֵׁם עָמֹק בַּבְּדִיקָה.	hу ношéм амóк ба-бдикá.	Он глубоко дышит на осмотре.
103	s_15542855ea12.mp3	הוּא בּוֹלֵעַ כַּדּוּר עִם מַיִם.	hу болéа кадӯ́р им мáйим.	Он глотает таблетку с водой.
104	s_2dc1ec53bcdf.mp3	הוּא מְמַשֵּׁשׁ אֶת הַבֶּטֶן.	hу мемашéш эт hа-бéтен.	Он пальпирует живот.
105	s_9727483ecf4a.mp3	הוּא סוֹבֵל מִכְּאֵב רֹאשׁ.	hу совéль ми-кеэ́в рош.	Он страдает от головной боли.
106	s_2e126197c55e.mp3	הוּא מֵפִיק חֶשְׁבּוֹנִית מַס מְהִירָה.	hу мефӣ́к хешбонӣ́т мас меhирá.	Он генерирует налоговую квитанцию быстро.
107	s_4c872cb80394.mp3	הוּא מְקַזֵּז אֶת הַמַּס הַחֹדֶשׁ.	hу меказéз эт hа-мас hа-хóдеш.	Он делает взаимозачёт налога в этом месяце.
108	s_14058c4804a7.mp3	הוּא מַפְקִיד כֶּסֶף בַּבַּנְק כָּעֵת.	hу мафкӣ́д кéсеф ба-банк ка-э́т.	Он вносит деньги в банк сейчас.
109	s_85ac96a6c330.mp3	הוּא מוֹשֵׁךְ כֶּסֶף מֵהַכַּסְפּוֹמָט.	hу мошéх кéсеф ме-hа-каспомáт.	Он снимает деньги из банкомата.
110	s_97ac2ad5c2dc.mp3	הוּא מַעֲבִיר כֶּסֶף לַסַּפָּק.	hу маавӣ́р кéсеф ла-сапáк.	Он переводит деньги поставщику.
111	s_3f7e6b894048.mp3	הוּא מְנַהֵל סִפְרֵי חֶשְׁבּוֹנוֹת.	hу менаhéль сифрéй хешбонóт.	Он ведёт бухгалтерские книги.
112	s_3f49588ec823.mp3	הוּא עוֹקֵב אַחַר כָּל הוֹצָאָה.	hу окéв áхар коль hоцаá.	Он отслеживает каждый расход.
113	s_b93267e63ddb.mp3	הוּא פּוֹרֵס לְתַשְׁלוּמִים שְׁוִוים.	hу порéс ле-ташлумӣ́м шавӣ́м.	Он разбивает на равные платежи.
114	s_3e7a7fb53213.mp3	הוּא מְבַטֵּל חֶשְׁבּוֹנִית שְׁגוּיָה כָּעֵת.	hу меватéль хешбонӣ́т шгуйá ка-э́т.	Он аннулирует ошибочный счёт сейчас.
115	s_33aa4f056c4a.mp3	הוּא מַפְחִית אֶת עֵרֶךְ הַצִיּוּד.	hу мафхӣ́т эт э́рех hа-цийӯ́д.	Он уменьшает стоимость оборудования.
116	s_cf098f0564bb.mp3	הוּא מַגִּישׁ דּוּ״חַ לְמַס הַכְנָסָה.	hу магӣ́ш дӯ́ах ле-мас hахнасá.	Он подаёт отчёт в налоговую.
117	s_0943c2cb37d4.mp3	הוּא מַסְדִּיר אֶת הַתַּשְׁלוּם הַיּוֹם.	hу масдӣ́р эт hа-ташлӯ́м hайóм.	Он урегулирует платёж сегодня.
118	s_17f2e3a3a7b0.mp3	הוּא מֵנִיעַ אֶת הָרֶכֶב בַּבֹּקֶר.	hу менӣ́а эт hа-рéхев ба-бóкер.	Он заводит машину утром.
119	s_b424d8ce1825.mp3	הוּא מְשַׁמֵּן אֶת הַחֲלָקִים.	hу мешамéн эт hа-халакӣ́м.	Он смазывает детали.
120	s_2b10c10ef44d.mp3	הוּא מְכַוֵּן פָּרָמֶטְרִים בַּמַּחְשֵׁב.	hу мехавéн парамéтрим ба-махшéв.	Он настраивает параметры в компьютере.
121	s_6eac59238ea1.mp3	הוּא מְנַקֵּז אֶת שֶׁמֶן הַבְּלָמִים.	hу менакéз эт шéмен hа-бламӣ́м.	Он сливает тормозную жидкость.
122	s_c4acec8ed2d3.mp3	הוּא מְמַלֵּא דֶּלֶק בַּתַּחֲנָה.	hу немалé дéлек ба-таханá.	Он заливает бензин на заправке.
123	s_c1ba8e18510f.mp3	הוּא מַטְעִין אֶת הַמַּצְבֵּר.	hу матъӣ́н эт hа-мацбéр.	Он заряжает аккумулятор.
124	s_8266cbfaf881.mp3	הוּא מְחַבֵּר אֶת הַכְּבָלִים.	hу мехабéр эт hа-квалӣ́м.	Он подключает провода.
125	s_248d8c07d750.mp3	הוּא מְנַתֵּק אֶת הַזֶּרֶם.	hу менатéк эт hа-зéрем.	Он отключает ток.
126	s_f1f84c39a032.mp3	הוּא מַהְדֵּק אֶת הַבְּרָגִים.	hу маhдéк эт hа-брагӣ́м.	Он затягивает винты.
127	s_d09c46330bcb.mp3	הוּא פּוֹנֶה יָמִינָה בָּרַמְזוֹר.	hу понé ямӣ́на ба-рамзóр.	Он поворачивает направо на светофоре.
128	s_131ffe8c27b7.mp3	הוּא אוֹטֵם אֶת הַחִבּוּר בְּסִילִיקוֹן.	hу отéм эт hа-хибӯ́р бэ-силӣ́кон.	Он герметизирует стык силиконом.
129	s_46093e3b888e.mp3	הוּא מְפַתֵּחַ מַפְתֵּחַ עִנְיָנִים.	hу мефатéах мафтéах иньянӣ́м.	Он составляет предметный указатель.
130	s_43526f0504d2.mp3	הוּא מַאֲרִיךְ אֶת הַהַשְׁאָלָה.	hу маарӣ́х эт hа-hашъалá.	Он продлевает выдачу.
131	s_9415bdd375bb.mp3	הוּא מְאַתֵּר אֶת הַסֵּפֶר בַּמַּדָּף.	hу меатéр эт hа-сéфер ба-мадáф.	Он находит книгу на полке.
132	s_2e794cda478d.mp3	הוּא מְשַׁקֵּם דַּף קָרוּעַ בִּזְהִירוּת.	hу мешакéм даф карӯ́а бизhирӯ́т.	Он осторожно реставрирует порванную страницу.
133	s_2e908c91bdf4.mp3	הוּא סוֹרֵק תְּמוּנוֹת הִיסְטוֹרִיּוֹת.	hу сорéк тмунóт hисторӣ́ёт.	Он сканирует исторические фотографии.
134	s_8fd4c41d8d10.mp3	הוּא גּוֹנֵז מִסְמָכִים בְּאַכְסַנְיָה.	hу гонéз мисмахӣ́м бэ-ахсаньйá.	Он архивирует документы в хранилище.
135	s_f85ac7f996ef.mp3	הוּא כּוֹרֵךְ סֵפֶר בִּכְרִיכָה קָשָׁה.	hу корéх сéфер би-хрихá кашá.	Он переплетает книгу в твёрдый переплёт.
136	s_35b9a809898b.mp3	הוּא מְתַעֵד כָּל תְּנוּעָה בָּאוֹסֶף.	hу метаэ́д коль тнуá ба-óсеф.	Он документирует каждое перемещение в фонде.
137	s_5f471f6302dc.mp3	הוּא שׁוֹלֵף תִּיק מֵהַמַּחְשֵׁב.	hу шолéф тик ме-hа-махшéв.	Он извлекает дело из компьютера.
138	s_bc5d8f95a363.mp3	הוּא מְסַוֵּג אֶת הַחוֹמֶר.	hу месавéг эт hа-хóмер.	Он классифицирует материал.
139	s_7da8b8f873e9.mp3	הוּא מַנְפִּיק כַּרְטִיס קוֹרֵא לַתַּלְמִיד.	hу манпӣ́к картӣ́с корé ла-тальмӣ́д.	Он оформляет читательский билет ученику.
140	s_b4a9b2e97f26.mp3	הוּא מַדְפִּיס דַּף בַּמַּדְפֶּסֶת.	hу мадпӣ́с даф ба-мадпéсет.	Он распечатывает лист на принтере.
141	s_4960a3138199.mp3	הוּא מַקְצִיף אֶת כָּל הָרֶכֶב.	hу макцӣ́ф эт коль hа-рéхев.	Он покрывает пеной всю машину.
142	s_b57d3738b79a.mp3	הוּא מְנַגֵּב חַלּוֹנוֹת בְּמַטְלִית.	hу менагéв халонóт бэ-матлӣ́т.	Он вытирает стёкла салфеткой.
143	s_5a4aecbd730b.mp3	הוּא שׁוֹאֵב אֶת הַשָּׁטִיחַ בָּרֶכֶב.	hу шоэ́в эт hа-шатӣ́ах ба-рéхев.	Он пылесосит коврик в машине.
144	s_669f15601640.mp3	הוּא מַבְרִיק אֶת הָרֶכֶב.	hу маврӣ́к эт hа-рéхев.	Он начищает до блеска машину.
145	s_1c254411d34a.mp3	הוּא מוֹרֵחַ וַקְס עַל הַמִּכְסֶה.	hу морéах вакс аль hа-михсé.	Он наносит воск на капот.
146	s_9cf00fdff86f.mp3	הוּא מְיַבֵּשׁ אֶת הָרֶכֶב בַּאֲוִויר.	hу меябéш эт hа-рéхев ба-авӣ́р.	Он сушит машину воздухом.
147	s_58f47cb66c3f.mp3	הוּא מְרַסֵּס חוֹמֶר עַל הַגַּלְגַּלִּים.	hу мерасéс хóмер аль hа-гальгальӣ́м.	Он распыляет средство на колёса.
148	s_e4d571df2a3b.mp3	הוּא מְקַרְצֵף אֶת הַלִּכְלוּךְ בְּמִבְרֶשֶׁת.	hу мекарцéф эт hа-лихлӯ́х бэ-миврéшет.	Он оттирает грязь щёткой.
149	s_4790bf491cd3.mp3	הוּא מַתִּיז מַיִם בְּלַחַץ גָּבוֹהַּ.	hу матӣ́з мáйим бэ-лáхац гавóах.	Он подаёт струю воды под высоким давлением.
150	s_d6ed26b6d80c.mp3	הוּא מֵסִיר כְּתָמִים קָשִׁים מֵהָרִפּוּד.	hу месӣ́р ктамӣ́м кашӣ́м ме-hа-рипӯ́д.	Он выводит трудновыводимые пятна с обивки.
151	s_3cffda42ff4b.mp3	הוּא מַשְׁחִיר אֶת הַצְּמִיגִים בְּחוֹמֶר.	hу машхӣ́р эт hа-цмигӣ́м бэ-хóмер.	Он чернит покрышки средством.
152	s_c4418d92320e.mp3	הוּא מְבַשֵּׂם אֶת פְּנִים הָרֶכֶב.	hу мевасéм эт пним hа-рéхев.	Он ароматизирует салон автомобиля.
153	s_19bf715c5a45.mp3	הוּא מְרוֹקֵן אֶת פַּח הָאַשְׁפָּה.	hу мерокéн эт пах hа-ашпá.	Он опустошает мусорное ведро.
154	s_a509fa07b5a9.mp3	הוּא מְנַעֵר אֶת שַׁטִיחֵי הָרֶכֶב.	hу менаэ́р эт шатихéй hа-рéхев.	Он встряхивает коврики машины.
155	s_6a67a9909689.mp3	הוּא מַכְנִיס אֶת הָרֶכֶב לַמִּנְהָרָה.	hу махнӣ́с эт hа-рéхев ла-минhарá.	Он заводит машину в туннель мойки.
156	s_6e37efe02931.mp3	הוּא מוֹסֵר רֶכֶב נָקִי לַלָּקוֹחַ.	hу мосéр рéхев накӣ́ ла-лакóах.	Он сдаёт чистый автомобиль клиенту.
157	s_bfac96acdbdf.mp3	אֲנִי רוֹצֶה לִשְׁתּוֹת קָפֶה.	анӣ роцé лишто́т кафэ́.	Я хочу пить кофе.
158	s_125e36be0b21.mp3	הוּא שׁוֹתֶה מַיִם קָרִים.	hу шотé мáйим карӣ́м.	Он пьёт холодную воду.
159	s_8488faac758b.mp3	אֲנִי גָּר בְּתֵל אָבִיב.	анӣ гар бе-тель авӣ́в.	Я живу в Тель-Авиве.
160	s_2a9576bf778b.mp3	הוּא לוֹמֵד בָּאוּלְפָּן הַיּוֹם.	hу ломéд ба-ульпáн hайóм.	Он учится в ульпане сегодня.
161	s_f75458bf4cff.mp3	אֲנִי כּוֹתֵב מִכְתָּב עַכְשָׁיו.	анӣ котéв михтáв ахшáв.	Я пишу письмо сейчас.
162	s_f76e781914c5.mp3	אֲנִי הוֹלֵךְ לַעֲבוֹדָה הַיּוֹם.	анӣ hолéх ла-аводá hайóм.	Я иду на работу сегодня.
163	s_c3edae33d7a8.mp3	הוּא עוֹבֵד בְּמִשְׂרָד גָּדוֹל.	hу овéд бе-мисрáд гадóль.	Он работает в большом офисе.
164	s_1c04ca7037ef.mp3	אֲנִי שׁוֹמֵעַ מוּזִיקָה טוֹבָה.	анӣ шомéа му́зика товá.	Я слушаю хорошую музыку.
165	s_2bc00328324f.mp3	הוּא פּוֹתֵחַ אֶת הַדֶּלֶת.	hу потéах эт hа-дéлет.	Он открывает дверь.
166	s_cc0cfd4ce033.mp3	אֲנִי קָם מוּקְדָּם בַּבֹּקֶר.	анӣ кам мукдáм ба-бóкер.	Я встаю рано утром.
167	s_0428b89873f4.mp3	אֲנִי אוֹהֵב קָפֶה חַם.	анӣ́ оhэ́в кафэ́ хам.	Я люблю горячий кофе.
168	s_5b67cdc9441a.mp3	הוּא מְנַגֵּן בִּפְסַנְתֵּר מְצוּיָן.	hу менагэ́н би-фсантэ́р мецуя́н.	Он отлично играет на пианино.
169	s_d2fca264cef5.mp3	אֲנִי מְשַׁלֵּם בְּכַרְטִיס אַשְׁרַאי.	анӣ́ мешалэ́м бе-хартӣ́с ашрáй.	Я плачу кредитной картой.
170	s_690331480c5f.mp3	הוּא שׁוֹלֵחַ הוֹדָעָה עַכְשָׁיו.	hу шолéах hодаá ахшáв.	Он отправляет сообщение сейчас.
171	s_ec10e9951b0b.mp3	הוּא מְקַבֵּל מַתָּנָה יָפָה.	hу мекабэ́ль матанá яфá.	Он получает красивый подарок.
172	s_28c0b79e96eb.mp3	אֲנִי חוֹתֵם עַל הַחוֹזֶה.	анӣ́ хотэ́м аль hа-хозэ́.	Я подписываю договор.
173	s_2e9abb0368cf.mp3	הוּא מְבַקֵּשׁ כּוֹס מַיִם.	hу мевакэ́ш кос мáйим.	Он просит стакан воды.
174	s_386b87eda306.mp3	אֲנִי מְטַיֵּל עִם הַכֶּלֶב.	анӣ́ метайéль им hа-кéлев.	Я гуляю с собакой.
175	s_3965ec51d355.mp3	הוּא מְחַפֵּשׂ אֶת הַמַּפְתֵּחַ.	hу мехапэ́с эт hа-мафтéах.	Он ищет ключ.
176	s_f64c9c8c110f.mp3	הוּא מַזְמִין מָקוֹם בַּמִּסְעָדָה.	hу мазмӣ́н макóм ба-мисадá.	Он заказывает место в ресторане.
177	s_45429c606b28.mp3	אֲנִי מַרְגִּישׁ מְצוּיָן הַיּוֹם.	анӣ́ маргӣ́ш мецуя́н hа-йом.	Я чувствую себя отлично сегодня.
178	s_cb2c56eea678.mp3	אֲנִי מַכִּיר אֶת הָאִישׁ.	анӣ́ макӣ́р эт hа-ӣ́ш.	Я знаю этого человека.
179	s_f29ff275c917.mp3	אֲנִי מַקְשִׁיב לְמוּזִיקָה טוֹבָה.	анӣ́ макшӣ́в ле-мýзика товá.	Я слушаю хорошую музыку.
180	s_2067169da26e.mp3	הוּא מִתְלַבֵּשׁ יָפֶה הַיּוֹם.	hу митлабэ́ш яфэ́ hа-йом.	Он одевается красиво сегодня.
181	s_73f7a5b87f0b.mp3	אֲנִי מִתְרַחֵץ בַּמִּקְלַחַת עַכְשָׁיו.	анӣ́ митрахэ́ц ба-миклáхат ахшáв.	Я моюсь в душе сейчас.
182	s_5fef53372d49.mp3	אֲנִי מִתְרַגֵּשׁ מְאוֹד הַיּוֹם.	анӣ́ митрагэ́ш меóд hа-йом.	Я очень волнуюсь сегодня.
183	s_ee6caa2b285d.mp3	אֲנִי מִצְטַעֵר עַל הַטָּעוּת.	анӣ́ мицтаэ́р аль hа-таýт.	Я сожалею об ошибке.
184	s_d98fd7e8ac22.mp3	הוּא מִתְפַּלֵּל בְּבֵית הַכְּנֶסֶת.	hу митпалéль бе-вéйт hа-кнéсет.	Он молится в синагоге.
185	s_cf28786c997d.mp3	הוּא מִתְחַתֵּן עִם שָׂרָה.	hу митхатэ́н им Сáра.	Он женится на Саре.
186	s_bcdec44f16cf.mp3	אֲנִי מִתְנַצֵּל עַל הָאִחוּר.	анӣ́ митнацэ́ль аль hа-ихýр.	Я извиняюсь за опоздание.
187	s_0378a97bbdc2.mp3	אֲנִי רוֹאֶה אֶת הַיָּם.	анӣ́ роэ́ эт hа-ям.	Я вижу море.
188	s_4d6442d1d763.mp3	אֲנִי מֵבִין עִבְרִית הֵיטֵב.	анӣ́ мевӣ́н иврӣ́т hейтéв.	Я хорошо понимаю иврит.
189	s_3871386a49de.mp3	הוּא נוֹתֵן לִי מַפְתֵּחַ.	hу нотэ́н ли мафтéах.	Он дает мне ключ.
190	s_20b4b062d986.mp3	אֲנִי זוֹכֵר אֶת הַכֹּל.	анӣ зохéр эт hа-коль.	Я всё помню.
191	s_d55a4c17ad73.mp3	הוּא תָּמִיד שׁוֹכֵחַ מַפְתְּחוֹת.	hу тамӣ́д шохéах мафтехо́т.	Он всегда забывает ключи.
192	s_b930c2d02d1a.mp3	הוּא מוֹצֵא עֲבוֹדָה טוֹבָה.	hу моцэ́ аводá товá.	Он находит хорошую работу.
193	s_891732bac8a2.mp3	אֲנִי טוֹעֵן אֶת הַטֶּלֶפוֹן.	анӣ тоэ́н эт hа-тéлефон.	Я заряжаю телефон.
194	s_5ed15a01f9e5.mp3	הוּא חוֹתֵךְ אֶת הַלֶּחֶם.	hу хотéх эт hа-лéхем.	Он режет хлеб.
195	s_a4083ec03805.mp3	הוּא מְטַגֵּן אֶת הַבָּצָל.	hу метагéн эт hа-бацáль.	Он жарит лук.
196	s_7fb7b1b93c01.mp3	הוּא מוֹסִיף מֶלַח לַמָּרָק.	hу мосӣ́ф мéлах ла-марáк.	Он добавляет соль в суп.
197	s_b649b8fc818e.mp3	הוּא לוֹמֵד עִבְרִית בָּאוּלְפָּן.	hу ломéд иврӣ́т ба-ульпáн.	Он учит иврит в ульпане.
198	s_36f396f8bfa1.mp3	יוֹסִי עוֹבֵד בַּמִּשְׂרָד הַזֶּה.	йóси овéд ба-мисрáд hа-зэ́.	Йоси работает в этом офисе.
199	s_de7ed20bb458.mp3	הוּא שׁוֹמֵעַ מוּזִיקָה עַכְשָׁיו.	hу шомéа му́зика ахшáв.	Он слушает музыку сейчас.
200	s_6c6f7723451d.mp3	הוּא סוֹגֵר אֶת הַדֶּלֶת.	hу согéр эт hа-дéлет.	Он закрывает дверь.
201	s_4629d7147e42.mp3	הוּא פּוֹתֵחַ אֶת הַחַלּוֹן.	hу потéах эт hа-халóн.	Он открывает окно.
202	s_1c04ca7037ef.mp3	אֲנִי שׁוֹמֵעַ מוּזִיקָה טוֹבָה.	анӣ́ шомéа му́зика товá.	Я слушаю хорошую музыку.
203	s_eac573c83a5f.mp3	הוּא סוֹגֵר אֶת הַחַלּוֹן.	hу согéр эт hа-халóн.	Он закрывает окно.
204	s_381ab3c32573.mp3	הַיֶּלֶד אוֹכֵל תַּפּוּחַ מָתוֹק.	hа-йéлед охéль тапýах матóк.	Ребёнок ест сладкое яблоко.
205	s_fad409b16b53.mp3	אֲנִי פּוֹגֵשׁ חָבֵר בַּקָּפֶה.	анӣ́ погéш хавéр ба-кафé.	Я встречаю друга в кафе.
206	s_dab4eefd3870.mp3	הוּא לוֹמֵד רְפוּאָה בָּאוּנִיבֶרְסִיטָה.	hу ломéд рефуá ба-унивéрсита.	Он изучает медицину в университете.
207	s_475512a5daed.mp3	אֲנִי עוֹמֵד לְיַד הַפֶּתַח.	анӣ́ омéд ле-йáд hа-пéтах.	Я стою возле входа.
208	s_42ba63b2f3a3.mp3	הוּא הוֹלֵךְ לָעֲבוֹדָה בַּבּוֹקֶר.	hу hолéх ла-аводá ба-бóкер.	Он идёт на работу утром.
209	s_db65c412092d.mp3	אֲנִי גָּר בִּירוּשָׁלַיִם עַכְשָׁיו.	анӣ́ гар би-рушалáим ахшáв.	Я живу в Иерусалиме сейчас.
210	s_5e31540d4fd7.mp3	אֲנִי קָם מוּקְדָּם בַּבּוֹקֶר.	анӣ́ кам мукдáм ба-бóкер.	Я встаю рано утром.
211	s_a11185db9301.mp3	אֲנִי בָּא לַבַּיִת שֶׁלְּךָ.	анӣ́ ба ла-бáйт шельхá.	Я прихожу к тебе домой.
212	s_0e1af1d242fa.mp3	אֲנִי בָּא בַּשָּׁבוּעַ הַבָּא.	анӣ́ ба ба-шавýа hа-бá.	Я приду на следующей неделе.
213	s_5aa605626e9a.mp3	אֲנִי טָס לְיִשְׂרָאֵל מָחָר.	анӣ́ тас ле-исраэ́ль махáр.	Я лечу в Израиль завтра.
214	s_8d61e5e48ae0.mp3	אֲנִי קוֹנֶה לֶחֶם בַּמַּכּוֹלֶת.	анӣ́ конé лéхем ба-макóлет.	Я покупаю хлеб в продуктовом магазине.
215	s_8aea433bf2b3.mp3	אֲנִי רוֹצֶה לִשְׁתּוֹת מַיִם.	анӣ́ роцé лишто́т мáйим.	Я хочу пить воду.
216	s_025677454b4c.mp3	אֲנִי שׁוֹתֶה קָפֶה חַם.	анӣ́ шотé кафé хам.	Я пью горячий кофе.
217	s_80bfc1049149.mp3	מָה אַתָּה עוֹשֶׂה עַכְשָׁיו?	ма атá осé ахшáв?	Что ты делаешь сейчас?
218	s_1ae767c9d013.mp3	אֲנִי רוֹאֶה סֶרֶט טוֹב.	анӣ́ роэ́ сéрет тов.	Я смотрю хороший фильм.
219	s_68ae9be4982b.mp3	הוּא קוֹנֶה סֵפֶר חָדָשׁ.	hу конé сéфер хадáш.	Он покупает новую книгу.
220	s_49695dfa10a1.mp3	הוּא הָיָה פֹּה אֶתְמוֹל.	hу hайá по этмóль.	Он был здесь вчера.
221	s_b0f187010644.mp3	הוּא הֵבִין אֶת הַכֹּל.	hу hэвӣ́н эт hакóль.	Он всё понял.
222	s_383c5aba98b3.mp3	אֲנִי מַמְשִׁיךְ לִלְמוֹד עִבְרִית.	анӣ́ мамшӣ́х лильмóд иврӣ́т.	Я продолжаю учить иврит.
223	s_b649b8fc818e.mp3	הוּא לוֹמֵד עִבְרִית בָּאוּלְפָּן.	hу ломéд иврӣ́т ба-ульпáн.	Он учит иврит в ульпане.
224	s_8726aadb5cbc.mp3	הוּא שׁוֹמֵעַ מוּזִיקָה בַּחֶדֶר.	hу шомéаъ мýзика ба-хéдер.	Он слушает музыку в комнате.
225	s_005ac5390b22.mp3	הוּא עוֹבֵד בַּמִּשְׂרָד הַיּוֹם.	hу овéд ба-мисрáд hайóм.	Он работает в офисе сегодня.
226	s_6c6f7723451d.mp3	הוּא סוֹגֵר אֶת הַדֶּלֶת.	hу согéр эт hа-дéлет.	Он закрывает дверь.
227	s_664cbd95a1b3.mp3	הוּא רוֹאֶה סֶרֶט בַּטֶּלֶוִויזְיָה.	hу роэ́ сéрет ба-телеви́зия.	Он смотрит фильм по телевизору.
228	s_515615db4f9e.mp3	יוֹסִי כּוֹתֵב בַּמַּחְבֶּרֶת שֶׁלּוֹ.	йóси котéв ба-махбéрет шелó.	Йоси пишет в своей тетради.
229	s_edffc963d586.mp3	הַיֶּלֶד לוֹמֵד בְּבֵית הַסֵּפֶר.	hа-йéлед ломéд бе-вéйт hа-сéфер.	Мальчик учится в школе.
230	s_eac573c83a5f.mp3	הוּא סוֹגֵר אֶת הַחַלּוֹן.	hу согéр эт hа-халóн.	Он закрывает окно.
231	s_d33e55c5b8a8.mp3	הוּא מְפַתֵּחַ תּוֹכְנִית חֲדָשָׁה.	hу мефатéах тохнӣ́т хадашá.	Он разрабатывает новую программу.
232	s_596bf14ed98b.mp3	הַיֶּלֶד שׁוֹמֵעַ אֶת הַקּוֹל.	hа-йéлед шомéаъ эт hа-коль.	Мальчик слышит этот голос.
233	s_72106e3aa378.mp3	הוּא עוֹזֵר לְאִמָּא בַּבַּיִת.	hу озéр ле-ӣ́ма ба-бáйт.	Он помогает маме дома.
234	s_c48987406be3.mp3	הוּא גָּר בְּתֵל אָבִיב.	hу гар бе-тéль авӣ́в.	Он живёт в Тель-Авиве.
235	s_de63402eb69f.mp3	הוּא קָם מוּקְדָּם בַּבּוֹקֶר.	hу кам мукдáм ба-бóкер.	Он встаёт рано утром.
236	s_d165c0b50841.mp3	הוּא בָּא לְבַקֵּר אוֹתִי.	hу ба левакéр отӣ́.	Он приходит навестить меня.
237	s_1762ec655e8d.mp3	הוּא טָס לְאֵירוֹפָּה הַיּוֹם.	hу тас ле-эйрóпа hайóм.	Он летит в Европу сегодня.
238	s_3ef205858b51.mp3	הוּא רָץ בַּפַּארְק בַּבּוֹקֶר.	hу рац ба-парк ба-бóкер.	Он бегает в парке утром.
239	s_38d92fde52dd.mp3	הוּא עוֹשֶׂה עֲבוֹדָה טוֹבָה.	hу осé аводá товá.	Он делает хорошую работу.
240	s_54d1b8272816.mp3	הוּא נִדְבָּר עִם הַמּוֹרֶה.	hу нидбáр им hа-морé.	Он договаривается с учителем.
241	s_6d1a6278ff22.mp3	הוּא מְסַדֵּר אֶת הַחֶדֶר.	hу месадéр эт hа-хéдер.	Он наводит порядок в комнате.
242	s_287de51a007a.mp3	אֲנִי מְבַקֵּשׁ כּוֹס מַיִם.	ани́ мевакéш кос мáйим.	Я прошу стакан воды.
243	s_14fd679af553.mp3	הוּא מְחַפֵּשׂ עֲבוֹדָה חֲדָשָׁה.	hу мехапéс ъаводá хадашá.	Он ищет новую работу.
244	s_c161be0e1736.mp3	הוּא מְקַבֵּל הוֹדָעָה חֲדָשָׁה.	hу мекабéль hодаá хадашá.	Он получает новое сообщение.
245	s_c7ab9b4a5ea1.mp3	הוּא מְבַקֵּר אֶת הַמִּשְׁפָּחָה.	hу мевакéр эт hамишпахá.	Он навещает семью.
246	s_7e2fb76e0e30.mp3	הוּא מְתַקֵּן אֶת הַמַּחְשֵׁב.	hу метакéн эт hамахшэ́в.	Он чинит компьютер.
247	s_72acd8966d3f.mp3	הוּא מַזְמִין שׁוּלְחָן בַּמִּסְעָדָה.	hу мазмíн шульхáн бамисъадá.	Он заказывает столик в ресторане.
248	s_45429c606b28.mp3	אֲנִי מַרְגִּישׁ מְצוּיָן הַיּוֹם.	ани́ маргíш мецуйáн hайóм.	Я чувствую себя отлично сегодня.
249	s_3285aded05b6.mp3	הוּא מַכִּיר אֶת הַמּוֹרֶה.	hу макíр эт hаморé.	Он знает учителя.
250	s_2bbabb18a4fd.mp3	הוּא מַגִּיעַ הַבַּיְתָה בָּעֶרֶב.	hу магíа hабáйта баъéрев.	Он приходит домой вечером.
251	s_4e6f8c549d5c.mp3	הוּא מַצְלִיחַ בַּמִּבְחָן הַקָּשֶׁה.	hу мацлíах бамивхáн hакашэ́.	Он успешно сдаёт трудный экзамен.
252	s_dd9c38634ffd.mp3	הוּא מִתְרַגֵּשׁ לִפְנֵי הַמִּבְחָן.	hу митрагéш лифнéй hамивхáн.	Он волнуется перед экзаменом.
253	s_5a4d1b441a5b.mp3	הוּא מִשְׁתַּדֵּל לְהַגִּיעַ בִּזְמַן.	hу миштадéль леhагíа бизмáн.	Он старается приходить вовремя.
254	s_55e469eed23b.mp3	הוּא מִצְטָרֵךְ לָלֶכֶת עַכְשָׁו.	hу митстарéх лалéхет ахшáв.	Он вынужден идти сейчас.
255	s_f8c1bdc65e40.mp3	הוּא מְתַרְגֵּל עִבְרִית הַיּוֹם.	hу метаргéль иврíт hайóм.	Он тренирует иврит сегодня.
256	s_0ffd3c38fb38.mp3	הוּא מִשְׁתַּמֵּשׁ בַּמַּחְשֵׁב הַזֶּה.	hу миштамéш бамахшэ́в hазэ́.	Он пользуется этим компьютером.
257	s_e3c40c93be8a.mp3	הוּא מִתְרַעְנֵן בַּמַּיִם הַקָּרִים.	hу митраънéн ба-мáйим hакарíм.	Он освежается в холодной воде.
258	s_3392d8b5eb94.mp3	הוּא חוֹסֵךְ כֶּסֶף לְדִירָה.	hу хосéх кéсеф ледирá.	Он копит деньги на квартиру.
259	s_011d5d94e7f8.mp3	הוּא נִשְׁאָר בַּבַּיִת הַיּוֹם.	hу нишъáр бабáит hайóм.	Он остаётся дома сегодня.
260	s_ecdcbbbc498e.mp3	הוּא נִזְכָּר בַּשֵּׁם שֶׁלָּהּ.	hу низкáр ба-шем шелá.	Он вспоминает её имя.
261	s_8b3640dedbca.mp3	אֲנִי נִזְהָר מֵהַכֶּלֶב הַזֶּה.	анӣ низháр ме-hа-кéлев hа-зэ́.	Я остерегаюсь этой собаки.
262	s_372ccc96f825.mp3	הוּא נִכְנָס לַחֶדֶר הַגָּדוֹל.	hу нихнáс ла-хéдер hа-гадóль.	Он входит в большую комнату.
263	s_ae2fd16513e1.mp3	דָּוִד נִרְגָּע מַהֵר מְאוֹד.	давӣ́д ниргá маhéр меóд.	Давид успокаивается очень быстро.
264	s_d141f7ca4704.mp3	דָּוִד מַחְלִיט לִקְנוֹת דִּירָה.	давӣ́д махлӣ́т ликнóт дирá.	Давид решает купить квартиру.
265	s_cc85f8a9a875.mp3	אֲנִי סוֹמֵךְ עָלֶיךָ תָּמִיד.	анӣ сомéх алéха тамӣ́д.	Я всегда полагаюсь на тебя.
266	s_4b19e1408314.mp3	הוּא מַשְׁוֶה אֶת הַמְּחִירִים.	hу машвэ́ эт hа-мехирúм.	Он сравнивает цены.
267	s_93c4c995526e.mp3	הוּא מְמַחְזֵר בַּקְבּוּקֵי פְּלַסְטִיק.	hу мемахзéр бакбукéй плáстик.	Он перерабатывает пластиковые бутылки.
268	s_5ee81be3c924.mp3	הוּא מַצְבִּיעַ בַּבְּחִירוֹת הַיּוֹם.	hу мацбúа ба-бхирóт hайóм.	Он голосует на выборах сегодня.
269	s_e0c629cbb226.mp3	הוּא מִתְגַּיֵּס לְצַהַ"ל מָחָר.	hу митгайéс ле-Цáхаль махáр.	Он призывается в ЦАХАЛ завтра.
270	s_ec67ff5c2c2a.mp3	הוּא חוֹפֵר בּוֹר בַּגִּינָּה.	hу хофéр бор ба-гинá.	Он копает яму в саду.
271	s_9675a4513043.mp3	הוּא נִרְשָׁם לַקּוּרְס הַיּוֹם.	hу ниршáм ла-курс hайóм.	Он записывается на курс сегодня.
272	s_95ff99f54ea5.mp3	הוּא תּוֹרֵם כֶּסֶף לַקְּשִׁישִׁים.	hу торéм кэ́сеф ла-кешишúм.	Он жертвует деньги пожилым людям.
273	s_1156731260e0.mp3	הוּא מְשַׁכְנֵעַ אֶת הַחֲבֵרִים.	hу мешахнэ́а эт hа-хаверúм.	Он убеждает друзей.
274	s_d04ee39e2874.mp3	הוּא מַבִּיעַ דֵּעָה בַּדִּיּוּן.	hу мабúа дэá ба-дийýн.	Он высказывает мнение на обсуждении.
275	s_fbf5a04bbdb8.mp3	הוּא חוֹלֵק עַל דַּעְתּוֹ.	hу холéк аль даатó.	Он оспаривает его мнение.
276	s_47594082abcc.mp3	הוּא מְפַעְנֵחַ אֶת הַקּוֹד.	hу мефаънéах эт hа-код.	Он расшифровывает код.
277	s_5fa31d815d0b.mp3	הוּא מְסַכֵּם אֶת הַמַּאֲמָר.	hу месакéм эт hа-маамáр.	Он резюмирует статью.
278	s_88411e74620b.mp3	הוּא רָץ כָּל בֹּקֶר.	hу рац коль бóкер.	Он бегает каждое утро.
279	s_4af2c2d6f333.mp3	אֲנִי מְסַדֵּר אֶת הַחֶדֶר.	анӣ́ месадэ́р эт hа-хéдер.	Я навожу порядок в комнате.
280	s_9ea05c72a19e.mp3	אֲנִי שׁוֹתֶה תֵּה בַּבֹּקֶר.	анӣ шотэ́ тэ ба-бóкер.	Я пью чай утром.
281	s_396bd5432b82.mp3	דָּוִד בַּבַּיִת בָּעֶרֶב.	Давӣд ба-бáит ба-э́рев.	Давид дома вечером.
282	s_06c76a71e03c.mp3	אֲנִי רוֹצֶה קָפֶה חַם.	анӣ роцэ́ кафэ́ хам.	Я хочу горячий кофе.
283	s_452c0ecb28cd.mp3	הוּא שׁוֹתֶה תֵּה בַּבֹּקֶר.	hу шотэ́ тэ ба-бóкер.	Он пьёт чай утром.
284	s_e53a45a7c193.mp3	אֲנִי רוֹצֶה קָפֶה עִם חָלָב.	анӣ роцэ́ кафэ́ им халáв.	Я хочу кофе с молоком.
285	s_af01eacf41b6.mp3	אַתָּה רוֹצֶה סוּכָּר בַּתֵּה?	атá роцэ́ сукáр ба-тэ?	Ты хочешь сахар в чай?
286	s_8f000e28feb2.mp3	דָּוִד אוֹכֵל קְרוּאָסוֹן בַּקָּפֶה.	Давӣд охéль круасóн ба-кафэ́.	Давид ест круассан в кафе.
287	s_e7060303dbfa.mp3	אֲנִי גָּר בְּיִשְׂרָאֵל עַכְשָׁו.	анӣ гар бе-Исраэ́ль ахшáв.	Я живу в Израиле сейчас.
288	s_a53fd2f99df0.mp3	אֲנִי מְדַבֵּר עִבְרִית בָּאוּלְפָּן.	анӣ медабéр иврӣ́т ба-ульпáн.	Я говорю на иврите в ульпане.
289	s_1e28d88d954a.mp3	אַתָּה מֵבִין אַנְגְּלִית טוֹב?	атá мевӣ́н англӣ́т тов?	Ты хорошо понимаешь по-английски?
290	s_e9c7127bfb1b.mp3	אֲנִי קוֹרֵא סֵפֶר טוֹב.	анӣ корé сéфер тов.	Я читаю хорошую книгу.
291	s_a31c08cff3d3.mp3	דָּוִד תַּלְמִיד טוֹב בָּאוּלְפָּן.	Давӣд тальмӣ́д тов ба-ульпáн.	Давид — хороший ученик в ульпане.
292	s_b3d6badc4e78.mp3	אֲנִי קוֹנֶה הַכֹּל בַּסּוּפֶּרְמַרְקֶט.	анӣ конé hакóль ба-су́пермаркет.	Я покупаю всё в супермаркете.
293	s_61382e66d759.mp3	אֲנִי רוֹצֶה קִילוֹ מְלָפְפוֹנִים.	анӣ роцэ́ кӣ́ло мелафефонӣ́м.	Я хочу килограмм огурцов.
294	s_133858d67656.mp3	אֲנִי רוֹצֶה שְׁנֵי קִילוֹ תַּפּוּזִים.	анӣ роцэ́ шней кӣ́ло тапузӣ́м.	Я хочу два килограмма апельсинов.
295	s_56cb65008f64.mp3	אַתָּה רוֹצֶה שַׂקִּית גְּדוֹלָה?	атá роцэ́ сакӣ́т гдолá?	Ты хочешь большой пакет?
296	s_8a3fcccf7af0.mp3	הַיֶּלֶד מְשַׂחֵק בַּחֶדֶר.	hа-йéлед месахéк ба-хéдер.	Мальчик играет в комнате.
297	s_f200c6f70ee7.mp3	דָּוִד קוֹנֶה בַּיִת חָדָשׁ.	Давӣд конé бáит хадáш.	Давид покупает новый дом.
298	s_2bf79aa69c33.mp3	אֲנִי כּוֹתֵב מִכְתָּב לַחֲבֵר.	анӣ котéв михтáв ла-хавéр.	Я пишу письмо другу.
299	s_d33862ef0749.mp3	הוּא שׁוֹמֵעַ מוּזִיקָה טוֹבָה.	hу шомéа му́зика товá.	Он слушает хорошую музыку.
300	s_4ed13796d2e1.mp3	אֲנִי אוֹכֵל בַּצָּהֳרַיִּים.	анӣ охéль ба-цоhорáим.	Я ем в обеденное время.
301	s_ed31a8dc8bc8.mp3	אֲנִי אוֹכֵל אֲרוּחַת בֹּקֶר.	анӣ охéль арухáт бóкер.	Я ем завтрак.
302	s_4c0e1866b168.mp3	אֲנִי נוֹסֵעַ בְּאוֹטוֹבּוּס לָעֲבוֹדָה.	анӣ носéа бе-óтобус ла-аводá.	Я еду на автобусе на работу.
303	s_e793e4f6682c.mp3	אֲנִי קוֹנֶה קִילוֹ בָּצָל.	анӣ конэ́ кӣло бацáль.	Я покупаю килограмм лука.
304	s_e41ed3227772.mp3	אֲנִי רוֹצֶה שׁוּם טָרִי.	анӣ роцэ́ шум тарӣ́.	Я хочу свежий чеснок.
305	s_2d369f8262fa.mp3	אֲנִי שׁוֹתֶה מִיץ תַּפּוּזִים.	анӣ шотэ́ миц тапузӣ́м.	Я пью апельсиновый сок.
306	s_917bae072f12.mp3	אֲנִי שָׂם גֶּזֶר בַּסָּלָט.	анӣ сам гéзер ба-салáт.	Я кладу морковь в салат.
307	s_0b859d18edc0.mp3	אֲנִי אוֹכֵל בֵּיצָה בַּבֹּקֶר.	анӣ охэ́ль бейцá ба-бóкер.	Я ем яйцо утром.
308	s_b6e9c78376eb.mp3	הוּא לֹא אוֹכֵל בָּשָׂר.	hу ло охэ́ль басáр.	Он не ест мясо.
309	s_654283becd62.mp3	אֲנִי מַזְמִין מָרָק עוֹף.	анӣ мазмӣн марáк оф.	Я заказываю куриный суп.
310	s_e161d184c4d6.mp3	אֲנִי אוֹכֵל אוֹרֶז בַּצָּהֳרַיִם.	анӣ охэ́ль óрез ба-цоhорáйим.	Я ем рис в обед.
311	s_844aa7aeffce.mp3	אֲנִי מַכִין סָלָט יִשְׂרְאֵלִי.	анӣ махӣн салáт исрээлӣ́.	Я готовлю израильский салат.
312	s_99748ecc9bb6.mp3	אֲנִי רוֹצֶה קַבָּלָה, בְּבַקָּשָׁה.	анӣ роцэ́ кабалá, бевакашá.	Я хочу чек, пожалуйста.
313	s_df05644d3c37.mp3	אַתָּה רוֹצֶה עוֹד מַשֶּׁהוּ?	атá роцэ́ од мáшеhу?	Ты хочешь что-нибудь еще?
314	s_1240f1c726de.mp3	אֲנִי לוֹבֵשׁ מִכְנָסַיִּים שְׁחוֹרִים.	анӣ ловэ́ш михнасáйим шхорӣ́м.	Я ношу чёрные брюки.
315	s_c3e86164e1d2.mp3	אֵיזֶה צֶבַע אַתָּה אוֹהֵב?	э́йзе цэ́ва атá оhэ́в?	Какой цвет ты любишь?
316	s_3bf3cafaed88.mp3	אֲנִי הוֹלֵךְ לָרוֹפֵא הַיּוֹם.	анӣ hолэ́х ла-рофэ́ hа-йом.	Я иду к врачу сегодня.
317	s_efd4785025e3.mp3	אֲנִי לוֹקֵחַ תְּרוּפָה עַכְשָׁיו.	анӣ локéах труфá ахшáв.	Я принимаю лекарство сейчас.
318	s_288bd4876b68.mp3	הוּא מְתַכְנֵת טוֹב מְאֹד.	hу мэтахнэ́т тов меóд.	Он очень хороший программист.
319	s_c24bdc967515.mp3	אֲנִי עוֹבֵד בַּמִּשְׂרָד הַזֶּה.	анӣ овэ́д ба-мисрáд hа-зэ.	Я работаю в этом офисе.
320	s_b929e648cfd1.mp3	אֲנִי שׁוֹלֵחַ קוֹרוֹת חַיִּים.	анӣ шолéах корóт хайӣ́м.	Я отправляю резюме.
321	s_3bf833ff696f.mp3	אֲנִי מְאַחֵל לְךָ הַצְלָחָה!	анӣ мэахэ́ль лехá hацлахá!	Я желаю тебе успеха!
322	s_c58e0fb2dec1.mp3	אֲנִי אוֹהֵב סְפּוֹרְט מְאוֹד.	анӣ оhэ́в спорт меóд.	Я очень люблю спорт.
323	s_4389c174eee3.mp3	אֲנִי אוֹהֵב שְׂחִיָּה בַּיָּם.	анӣ оhэ́в схийá ба-ям.	Я люблю плавание в море.
324	s_05a05d53534d.mp3	הוּא מְנַגֵּן בַּגִּיטָרָה עַכְשָׁיו.	hу мэнагэ́н ба-гитáра ахшáв.	Он сейчас играет на гитаре.
325	s_d9adae4128e4.mp3	אֲנִי הוֹלֵךְ לַדּוֹאַר הַיּוֹם.	анӣ hолéх ла-дóар hа-йом.	Я иду на почту сегодня.
326	s_499051c4cebc.mp3	אֲנִי פּוֹתֵחַ חֶשְׁבּוֹן בַּנְק.	анӣ потéах хешбóн банк.	Я открываю банковский счёт.
327	s_d2fca264cef5.mp3	אֲנִי מְשַׁלֵּם בְּכַרְטִיס אַשְׁרַאי.	анӣ мэшалэ́м бэ-хартӣс ашрáй.	Я расплачиваюсь кредитной картой.
328	s_633443cdc2ba.mp3	אֲנִי רוֹצֶה לְשַׁלֵּם בִּמְזוּמָּן.	анӣ роцэ́ лэшалэ́м би-мзумáн.	Я хочу заплатить наличными.
329	s_abd0a7cf53cf.mp3	הוּא מְסַפֵּר סִיפּוּר מְעַנְיֵן.	hу мэсапэ́р сипýр меаньéн.	Он рассказывает интересный рассказ.
330	s_55026da6327a.mp3	הוּא עוֹשֶׂה מִקְלַחַת בַּבֹּקֶר.	hу осэ́ миклáхат ба-бóкер.	Он принимает душ утром.
331	s_b32de411ada6.mp3	אֲנִי כּוֹתֵב בְּרָכָה לַחֲתוּנָּה.	анӣ котéв брахá ла-хатунá.	Я пишу поздравление на свадьбу.
332	s_610b46d77dcb.mp3	פֶּסַח הוּא חַג הָאָבִיב.	Пэ́сах hу хаг hа-авӣв.	Песах — это праздник весны.
333	s_a98b3f000182.mp3	הוּא תָּמִיד קָם מוּקְדָם.	hу тамӣ́д кам мукдáм.	Он всегда встаёт рано.
334	s_cc0cfd4ce033.mp3	אֲנִי קָם מוּקְדָם בַּבֹּקֶר.	анӣ кам мукдáм ба-бóкер.	Я встаю рано утром.
335	s_1f4dd25e290b.mp3	הוּא בָּא הַבַּיְתָה מְאוּחָר.	hу ба hабáйта меухáр.	Он приходит домой поздно.
336	s_ee194e557f58.mp3	אֲנִי לוֹמֵד כָּל יוֹם.	анӣ ломéд коль йом.	Я учусь каждый день.
337	s_074af231820d.mp3	אֲנִי מְחַפֵּשׂ עֲבוֹדָה טוֹבָה.	анӣ мехапéс аводá товá.	Я ищу хорошую работу.
338	s_76150304c6b0.mp3	הוּא מְדַבֵּר לְאַט מְאֹד.	hу медабéр леáт меóд.	Он говорит очень медленно.
339	s_45429c606b28.mp3	אֲנִי מַרְגִּישׁ מְצוּיָן הַיּוֹם.	анӣ маргӣ́ш мецуйáн hайóм.	Я чувствую себя отлично сегодня.
340	s_614855052fc9.mp3	סְלִיחָה, אֲנִי מִצְטַעֵר מְאֹד.	слихá, анӣ́ мицтаэ́р меóд.	Извините, мне очень жаль.
341	s_614855052fc9.mp3	סְלִיחָה, אֲנִי מִצְטַעֶרֶת מְאֹד.	слихá, анӣ́ мицтаэ́рет меóд.	Извините, мне очень жаль.
342	s_d246e493d450.mp3	אֲנִי רוֹצֶה לְדַבֵּר אִיתְּךָ.	анӣ роцэ́ ледабéр итхá.	Я хочу поговорить с тобой.
343	s_24b127ef5388.mp3	אַתָּה רוֹצֶה לָבוֹא אִיתָּנוּ?	атá роцэ́ лавó итáну?	Ты хочешь пойти с нами?
344	s_554e5b65da80.mp3	אֲנִי שׁוֹמֵעַ אוֹתְךָ מְצוּיָן.	анӣ шомéа отхá мецуйáн.	Я слышу тебя отлично.
345	s_924a57d3138f.mp3	אֲנִי מַכִּיר אוֹתוֹ טוֹב.	анӣ макӣ́р отó тов.	Я хорошо его знаю.
346	s_a36df10773f3.mp3	בֶּטַח, אֲנִי בָּא מָחָר!	бéтах, анӣ ба махáр!	Конечно, я приду завтра!
347	s_b530bf1cabf5.mp3	הוּא עוֹבֵד בְּבֵית חוֹלִים.	Ху овэ́д бэ-вейт холӣм.	Он работает в больнице.
348	s_2d369f8262fa.mp3	אֲנִי שׁוֹתֶה מִיץ תַּפּוּזִים.	Анӣ шотэ́ миц тапузӣм.	Я пью апельсиновый сок.
349	s_97d3be934480.mp3	אֲנִי גָּר בַּקּוֹמָה הַשְּׁלִישִׁית.	Анӣ гар ба-комá hа-шлишӣт.	Я живу на третьем этаже.
350	s_6a1334d34414.mp3	אֲנִי צָרִיךְ מְשַׁכֵּךְ כְּאֵבִים.	Анӣ царӣх мэшакэ́х кээвӣм.	Мне нужно обезболивающее.
351	s_e6b55c892298.mp3	אֲנִי אוֹהֶבֶת שַׁקְשׁוּקָה.	Ани охэ́вет шакшýка.	Я люблю шакшуку.
352	s_7df023605e0f.mp3	הַיֶּלֶד הוֹלֵךְ לְגַן יְלָדִים.	hа-йэ́лед hолэ́х лэ-ган йэладӣм.	Ребёнок идёт в детский сад.
353	s_7f4c60274cd7.mp3	אֲנִי אוֹהֵב אֶת הַטֶּבַע.	Ани охэ́в эт hа-тэ́ва.	Я люблю природу.
354	s_b18399224ad1.mp3	אֲנִי גָּר פֹּה.	ани́ гар по.	Я живу здесь.
355	s_c699ce40dede.mp3	לְאָן אַתָּה הוֹלֵךְ?	леáн атá hолэ́х?	Куда ты идёшь?
356	s_9e87f9a16346.mp3	לָמָּה אַתָּה עָצוּב?	ламá атá ъацу́в?	Почему ты грустный?
357	s_2539f439f11b.mp3	אֲנִי רוֹצֶה דִּיבּוּר שׁוֹטֵף.	ани́ роцэ́ дибу́р шотэ́ф.	Я хочу говорить бегло.
358	s_b0cddfa64af7.mp3	אֲנִי חוֹשֵׁב עַל הֶעָתִיד.	ани́ хошэ́в аль hэ-атӣ́д.	Я думаю о будущем.
359	s_d242f5aed6f1.mp3	אֲנִי צָרִיךְ חוּפְשָׁה עַכְשָׁו.	ани́ царӣ́х хуфшá ахшáв.	Мне нужен отпуск сейчас.
360	s_e990ca0b3c30.mp3	הוּא קָנָה נֶכֶס יָקָר.	hу канá нэ́хес якáр.	Он купил дорогую недвижимость.
361	s_e0e17ca2e7ad.mp3	הוּא מַשְׁקִיעַ כֶּסֶף בְּנַדְלָ"ן.	hу машкӣ́а кéсеф бэ-надлáн.	Он инвестирует деньги в недвижимость.
362	s_85f7757be026.mp3	אֲנִי מְשַׁלֵּם מַס הַכְנָסָה.	анӣ мэшалéм мас hахнасá.	Я плачу подоходный налог.
363	s_408fd51d4280.mp3	הוּא מְתַכְנֵן פְּתִיחַת עֵסֶק.	hу мэтахнэ́н птихáт э́сек.	Он планирует открытие бизнеса.
364	s_23c6b418d460.mp3	הוּא יַחֲזוֹר בְּקָרוֹב הַבַּיְתָה.	hу яхазóр бэ-карóв hабáйта.	Он скоро вернётся домой.
365	s_bed1f0677752.mp3	הוּא יְסַדֵּר אֶת הָעִנְיָין.	hу йэсадéр эт hа-иньян.	Он уладит этот вопрос.
366	s_5185f01b5953.mp3	אֲנִי מַבְטִיחַ לְךָ לַעֲזוֹר.	анӣ мавтӣах лехá лаазóр.	Я обещаю тебе помочь.
367	s_f46061f9bdc4.mp3	אַל תִּדְאַג, אֲנִי עוֹזֵר.	аль тид’áг, анӣ озéр.	Не волнуйся, я помогаю.
368	s_ebcea952488a.mp3	אַתָּה מוּזְמָן לֶאֱכוֹל אִתָּנוּ.	атá музмáн лээхóль итáну.	Ты приглашён пообедать с нами.
369	s_cc85f8a9a875.mp3	אֲנִי סוֹמֵךְ עָלֶיךָ תָּמִיד.	анӣ сомéх алéйха тамӣ́д.	Я всегда полагаюсь на тебя.
370	s_fb9dfd1d716a.mp3	הוּא עָמַד לְפָנַי בַּתּוֹר.	hу амáд лэфанáй ба-тор.	Он стоял передо мной в очереди.
371	s_4ea678c41194.mp3	מָה בְּעֶצֶם אַתָּה רוֹצֶה?	ма бээ́цем атá роцэ́?	Что, собственно говоря, ты хочешь?
372	s_7c9179eecfea.mp3	כְּלוֹמַר, אַתָּה לֹא מַסְכִּים?	кломáр, атá ло маскӣ́м?	То есть, ты не согласен?
373	s_4507b7dbe501.mp3	אֲנִי רוֹצֶה יוֹתֵר זְמַן.	анӣ роцэ́ йотэ́р зман.	Я хочу больше времени.
374	s_8499eb43f8c0.mp3	אֲנִי כָּל כָּךְ עָיֵף.	анӣ коль ках айéф.	Я так устал.
375	s_fb114eb76fc7.mp3	הוּא עָרַךְ רֵאָיוֹן בִּלְעָדִי.	hу арáх рэайóн бильадӣ.	Он провёл эксклюзивное интервью.
376	s_4c3720ebb735.mp3	הוּא יָזָם מַצְלִיחַ מְאוֹד.	hу язáм мацлӣ́ах меóд.	Он очень успешный предприниматель.
377	s_606b0d94e531.mp3	הוּא מְנַהֵל מֶחְקָר וּפִיתּוּחַ.	hу менаhéль мэхкáр у-фитýах.	Он руководит исследованиями и разработками.
378	s_735c84e32b4b.mp3	הוּא לוֹמֵד בִּינָה מְלָאכוּתִית.	hу ломéд бинá мэлахутӣ́т.	Он изучает искусственный интеллект.
379	s_3b542925f1d9.mp3	הוּא קָנָה רֶכֶב חַשְׁמַלִּי.	hу канá рéхев хашмалӣ.	Он купил электромобиль.
380	s_5a08fb838c61.mp3	אֲנִי צָרִיךְ רוֹפֵא מוּמְחֶה.	анӣ царӣ́х рофэ́ мумхэ́.	Мне нужен врач-специалист.
381	s_9a6e186afd08.mp3	הוּא הִשְׁתַּחְרֵר מֵאִשְׁפּוּז הַיּוֹם.	hу hиштахарéр мэ-ишпýз hа-йом.	Он выписался из больницы сегодня.
382	s_6bb1ec738e39.mp3	הוּא חֲבַר כְּנֶסֶת חָדָשׁ.	hу хавáр кнéсет хадáш.	Он новый депутат Кнессета.
383	s_364ea099d7b1.mp3	הוּא רוֹצֶה שֵׁירוּת קְרָבִי.	hу роцэ́ шерýт кравӣ́.	Он хочет боевую службу.
384	sahbak_amiti.mp3	הוּא סַחְבָּק אֲמִתִּי שֶׁלָּנוּ.	hу сáхбак амитӣ́ шелáну.	Он наш настоящий свой парень.
385	s_f900c9f2e168.mp3	הוּא שַׂחְקָן כִּשְׁרוֹנִי מְאֹד.	hу сахкáн кишронӣ́ меóд.	Он очень талантливый актёр.
386	s_c46381e1ce63.mp3	אֲנִי לוֹמֵד סִפְרוּת עִבְרִית.	анӣ́ ломéд сифрýт иврӣ́т.	Я изучаю ивритскую литературу.
387	s_2ba023054af4.mp3	הוּא כָּתַב תְּלוּנָה רִשְׁמִית.	hу катáв тлунá ришмӣ́т.	Он написал официальную жалобу.
388	s_6b081c08b1af.mp3	הוּא מַתְחִיל תּוֹאַר שֵׁנִי.	hу матхӣ́ль тóар шенӣ́.	Он начинает учебу на вторую степень (магистратуру).
389	s_f1bff064b25f.mp3	הוּא לוֹמֵד בְּמִכְלָלָה טוֹבָה.	hу ломéд бе-михлалá товá.	Он учится в хорошем колледже.
390	s_1782c9bd3fdc.mp3	הוּא מְנַהֵל עֲמוּתָּה גְּדוֹלָה.	hу менаhéль амутá гдолá.	Он руководит большой некоммерческой организацией.
391	s_04462deb7f3b.mp3	הוּא מִתְנַדֵּב בְּבֵית חוֹלִים.	hу митнадэ́в бе-вéйт холӣ́м.	Он волонтёр в больнице.
392	s_00acd2480a5c.mp3	הוּא נָשָׂא נְאוּם מַרְשִׁים.	hу насá нэýм маршӣ́м.	Он произнёс впечатляющую речь.
393	s_1d962719d3af.mp3	הוּא עוֹבֵד בִּמְכוֹן מֶחְקָר.	hу овэ́д би-мэхóн мэхкáр.	Он работает в научно-исследовательском институте.
394	s_cf03111b155c.mp3	הוּא חוֹקֵר אֶת הַגֵּנֵטִיקָה.	hу хокэ́р эт hа-генэ́тика.	Он исследует генетику.
395	s_d8314e718677.mp3	הוּא נָתַן נִימּוּק מְשַׁכְנֵעַ.	hу натáн нимýк мэшахнéа.	Он привёл убедительный довод.
396	s_b553b0921b07.mp3	הוּא בּוֹגֵר הָאוּלְפָּן הַזֶּה.	hу богэ́р hа-ульпáн hа-зэ́.	Он выпускник этого ульпана.
397	s_634050c3c792.mp3	הוּא צָרִיךְ לַעֲבוֹר נִיתּוּחַ.	hу царӣ́х лаавóр нитýах.	Ему нужно перенести операцию.
398	s_ff680f707df2.mp3	אֲנִי מְאַחֵל בְּרִיאוּת אֵיתָנָה!	анӣ́ мэахéль бриýт эйтанá!	Я желаю крепкого здоровья!
399	tachles_tsodek.mp3	תַּכְלֶס, אַתָּה מַמָּשׁ צוֹדֵק.	тáхлес, атá мамáш цодéк.	По сути, ты совершенно прав.
400	s_80323bf969f7.mp3	אֲנִי רוֹצֶה לְהַחְלִיף מִידָּה.	анӣ́ роцэ́ лэhахлӣ́ф мидá.	Я хочу поменять размер.
401	s_1d1185ba32a6.mp3	סְלִיחָה, אֲנִי חוֹלֵק עָלֶיךָ.	слихá, анӣ́ холéк алéйха.	Простите, я с вами не согласен.
402	s_2d21162c2253.mp3	אֲנִי חוֹתֵם בִּכְבוֹד רַב.	анӣ́ хотéм би-хвóд рав.	Я подписываю с глубоким уважением.
403	s_1efbd020a4ca.mp3	בְּהֶמְשֵׁךְ לַשִּׂיחָה אֲנִי כּוֹתֵב.	бэ-hэмшéх ла-сихá анӣ́ котéв.	В продолжение разговора я пишу.
404	s_294138abf8e4.mp3	אֲנִי אֶשְׂמַח מְאוֹד לִתְשׁוּבַתְכֶם.	анӣ́ эсмáх мэóд ли-тшуватхéм.	Я буду очень рад вашему ответу.
405	s_ae7871c542b6.mp3	אֲנִי מְאַחֵל בְּהַצְלָחָה עֲנָקִית!	анӣ́ мэахéль бэ-hацлахá анакӣ́т!	Я желаю огромных успехов!
406	s_94768a594b2c.mp3	אֲנִי מְאַחֵל דֶּרֶךְ צְלֵחָה!	анӣ́ мэахéль дéрех цлехá!	Я желаю счастливого пути!
407	s_18f9c00a1467.mp3	כֵּן, אֲנִי מֵבִין הַכֹּל.	кен, анӣ мевӣ́н hакóль.	Да, я всё понимаю.
408	s_ac9f93fb9ab5.mp3	לֹא, אֲנִי לֹא רוֹצֶה.	ло, анӣ ло роцé.	Нет, я не хочу.
409	s_6b0b2ee9255f.mp3	מֵאַיִן אַתָּה בָּאָרֶץ?	меáйин атá ба-áрец?	Откуда ты в стране?
410	s_5f969196efbe.mp3	מֵאֵיפֹה אַתָּה מַכִּיר אוֹתוֹ?	мэ-э́йфо атá макӣ́р отó?	Откуда ты его знаешь?
411	s_32fb5f55849f.mp3	אֲנִי מְדַבֵּר עִבְרִית קְצָת.	анӣ медабéр иврӣ́т кцат.	Я немного говорю на иврите.
412	s_e28bff7036f4.mp3	גַּם אֲנִי לוֹמֵד עִבְרִית.	гам анӣ ломéд иврӣ́т.	Я тоже учу иврит.
413	s_80bfc1049149.mp3	מָה אַתָּה עוֹשֶׂה עַכְשָׁיו?	ма атá осэ́ ахшáв?	Что ты сейчас делаешь?
414	s_e1a9bc963702.mp3	אֲנִי מְשַׁלֵּם לְוַעַד הַבַּיִת.	анӣ мешалéм ле-вáад hа-бáйт.	Я плачу домовому комитету.
415	s_413b47b7561b.mp3	אֲנִי מְחַפֵּשׂ שׁוּתָף לַדִּירָה.	анӣ мехапéс шутáф ла-дирá.	Я ищу соседа по квартире.
416	s_07bfdfa13db2.mp3	אֲנִי כּוֹתֵב צֵ'ק לַדִּירָה.	анӣ котéв чек ла-дирá.	Я выписываю чек за квартиру.
417	s_1f5e82c36782.mp3	הוּא אִישׁ טוֹב לֵב.	hу иш тов лев.	Он добросердечный человек.
418	s_fe835a43d0ed.mp3	הוּא מְדַבֵּר כָּל הַזְּמַן.	hу медабéр коль hа-змáн.	Он всё время говорит.
419	s_1c947a9439a4.mp3	אֲנִי לוֹקֵחַ שְׁתֵּי טִיפּוֹת.	анӣ локéах штэй типóт.	Я принимаю две капли.
420	s_0969917e0a77.mp3	אֲנִי נוֹסֵעַ בַּכִּיוּוּן הַזֶּה.	анӣ носéа ба-кивӯ́н hа-зэ.	Я еду в этом направлении.
421	s_66a68d3832e4.mp3	אֲנִי מְאַחֵל נְסִיעָה טוֹבָה!	анӣ меахéль несиá товá!	Я желаю счастливого пути!
422	s_aa81f5b61f00.mp3	אֲנִי עָיֵף כִּי עָבַדְתִּי.	анӣ аéф ки авáдети.	Я устал, потому что работал.
423	s_1d9c07e5e475.mp3	אֵיךְ אַתָּה מַרְגִּישׁ הַיּוֹם?	эйх атá маргӣ́ш hа-йом?	Как ты себя чувствуешь сегодня?
424	s_075a8a357f9f.mp3	אֲנִי בְּיִשְׂרָאֵל חוֹדֶשׁ אֶחָד.	анӣ́ бе-Исраэ́ль хóдеш эхáд.	Я в Израиле один месяц.
425	s_633b9d9995ea.mp3	אֲנִי פֹּה פַּעַם רִאשׁוֹנָה.	анӣ́ по пáам ришонá.	Я здесь в первый раз.
426	s_1dbe7f4ae357.mp3	אֲנִי כּוֹתֵב שִׁעוּרֵי בַּיִת.	анӣ́ котéв шиурéй бáит.	Я делаю домашнее задание.
427	s_c07fe6dc9b30.mp3	דָּנִי הוּא תַּלְמִיד מִצְטַיֵּן.	дáни hу тальмӣ́д мицтайéн.	Дани — отличник.
428	s_3f37a9b03914.mp3	אֲנִי כְּבָר מוּכָן לָצֵאת.	анӣ́ квар мухáн лацéт.	Я уже готов выходить.
429	s_16eaa2c073f1.mp3	אֲנִי עוֹד לֹא מוּכָן.	анӣ́ од ло мухáн.	Я ещё не готов.
430	s_a2a02013b593.mp3	אֲנִי רוֹצֶה לִשְׁלוֹחַ אִימֵייל.	анӣ́ роцé лишлóах имéйл.	Я хочу отправить имейл.
431	s_59beee027b2f.mp3	אֲנִי רוֹצֶה לִשְׁלוֹחַ הוֹדָעָה.	анӣ́ роцé лишлóах hодаá.	Я хочу отправить сообщение.
432	s_863193acdd9a.mp3	אֲנִי מְשַׁלֵּם לְבִיטּוּחַ לְאוּמִּי.	анӣ́ мешалéм ле-витӯ́ах леумӣ́.	Я плачу в Службу национального страхования.
433	s_c7d8ca2491f6.mp3	דָּנִיאֵל הוּא עוֹלֶה חָדָשׁ.	Даниэ́ль hу олé хадáш.	Даниэль — новый репатриант.
434	s_cb6045fdf8bc.mp3	אֲנִי קוֹרֵא עִבְרִית קַלָּה.	анӣ́ корé иврӣ́т калá.	Я читаю на простом иврите.
435	s_181bfb326aa5.mp3	אֲנִי מַתְחִיל רָמַת בֵּית.	анӣ́ матхӣ́ль рамáт бет.	Я начинаю уровень Бет.
436	s_1faca5769da0.mp3	הוּא רוֹצֶה לְרַאֲיֵן אוֹתָהּ.	hу роцэ́ лераайéн отáh.	Он хочет взять у неё интервью.
437	s_5f69d8242fa7.mp3	הוּא מְתַוּוֵךְ נַדְלָ"ן מְנוּסֶּה.	hу мэтавéх надлáн менусэ́.	Он опытный риелтор.
438	s_7da9e4c07e5e.mp3	הוּא מַשְׁקִיעַ בְּנַדְלָ"ן בְּיִשְׂרָאֵל.	hу машкíа бенадлáн беисраэ́ль.	Он инвестирует в недвижимость в Израиле.
439	s_f861049425ce.mp3	הוּא כּוֹתֵב סֵפֶר עָלַי.	hу котéв сéфер алáй.	Он пишет книгу обо мне.
440	s_68613ea16590.mp3	אֲנִי חוֹשֵׁב עָלֶיךָ הַרְבֵּה.	анӣ хошéв алéха hарбэ́.	Я много думаю о тебе.
441	s_b4eee7ff49a8.mp3	הוּא עוֹשֶׂה עֲלִיָּה לְיִשְׂרָאֵל.	hу осэ́ алийá ле-йисраэ́ль.	Он совершает алию в Израиль.
442	s_6a638ecd72b4.mp3	הוּא שׁוֹמֵר עָלֵינוּ תָּמִיד.	hу шомéр алéйну тамӣ́д.	Он всегда оберегает нас.
443	s_ccec8d769212.mp3	אֲנִי יוֹדֵעַ הַכֹּל עֲלֵיהֶם.	анӣ йодéа hа-коль алеhéм.	Я знаю всё о них.
444	s_56599b46269c.mp3	הוּא בָּא אֵלַי הַיּוֹם.	hу ба элáй hа-йом.	Он приходит ко мне сегодня.
445	s_64457f8333f7.mp3	אֲנִי בָּא אֵלֶיךָ עַכְשָׁו.	анӣ ба элéха ахшáв.	Я иду к тебе сейчас.
446	s_001af3bfd390.mp3	הוּא מַגִּיעַ אֵלֶיהָ עַכְשָׁו.	hу магӣ́а элéhа ахшáв.	Он приходит к ней сейчас.
447	s_5e6cdf51d7e8.mp3	אֲנִי לֹא הוֹלֵךְ בִּלְעָדֶיךָ.	анӣ ло hолéх бильъадéха.	Я не пойду без тебя.
448	s_fb9dfd1d716a.mp3	הוּא עָמַד לְפָנַי בַּתּוֹר.	hу амáд лефанáй ба-тор.	Он стоял передо мной в очереди.
449	s_32ef60321665.mp3	הוּא הוֹלֵךְ אַחֲרֵינוּ עַכְשָׁו.	hу hолéх ахарéйну ахшáв.	Он идёт за нами сейчас.
450	s_03c964046087.mp3	אֲנִי מַסְכִּים בִּתְנַאי שֶׁתָּבוֹא.	ани маскúм битнáй ше-тавó.	Я согласен при условии, что ты придёшь.
451	s_c688b27cc178.mp3	מִצַּד אֶחָד, הוּא צוֹדֵק.	ми-цáд эхáд, hу цодéк.	С одной стороны, он прав.
452	s_3aa348c0a82d.mp3	כָּל הַכָּבוֹד, אַתָּה אַלּוּף!	коль hа-кавóд, атá алýф!	Молодец, ты чемпион!
453	s_f2f462e54a2b.mp3	אֲנִי שׁוֹתֶה קָפֶה הָפוּךְ.	анӣ шотэ́ кафé hафýх.	Я пью кофе капучино.
454	s_a631a4b7d3c8.mp3	אַתָּה רוֹצֶה קָפֶה שָׁחוֹר?	атá роцэ́ кафé шахóр?	Ты хочешь черный кофе?
455	s_91c860356901.mp3	הוּא מַזְמִין קָפֶה קַר.	hу мазмӣ́н кафé кар.	Он заказывает холодный кофе.
456	s_e891734c69d6.mp3	אֲנִי מְבַקֵּשׁ מַיִם קָרִים.	анӣ мевакéш мáйим карӣ́м.	Я прошу холодную воду.
457	s_ff5dc0f93c3e.mp3	אֲנִי שׁוֹתֶה תֵּה בְּלִי סוּכָּר.	анӣ шотэ́ тэ бли сукáр.	Я пью чай без сахара.
458	s_ca63b683029d.mp3	אֲנִי מַזְמִין מָנָה עִיקָּרִית.	анӣ мазмӣ́н манá икарӣ́т.	Я заказываю основное блюдо.
459	s_a9d05f495e2e.mp3	הוּא אוֹכֵל כָּרִיךְ טָעִים.	hу охéль карӣ́х таӣ́м.	Он ест вкусный бутерброд.
460	s_b9ec9b14f227.mp3	אֲנִי צָרִיךְ כַּף גְּדוֹלָה.	анӣ царӣ́х каф гдолá.	Мне нужна большая ложка.
461	s_53983aac3fbe.mp3	אֲנִי מְחַמֵּם אוֹכֶל בַּמִּיקְרוֹגַל.	анӣ мехамéм óхель ба-микрогáль.	Я грею еду в микроволновке.
462	s_b6f0a9740479.mp3	אֲנִי נוֹסֵעַ בָּרַכֶּבֶת הַקַּלָּה.	анӣ носéа ба-ракéвет hа-калá.	Я еду на трамвае.
463	s_5aa2d8b2829f.mp3	אֲנִי גָּר בְּמֶרְכַּז הָעִיר.	анӣ гар бе-меркáз hа-ӣ́р.	Я живу в центре города.
464	s_73f83ba943d5.mp3	הוּא גֶּבֶר נֶחְמָד מְאוֹד.	hу гéвер нехмáд меóд.	Он очень приятный мужчина.
465	s_8046781a1d08.mp3	דָּנִי הוּא חָבֵר טוֹב.	дáни hу хавéр тов.	Дани — хороший друг.
466	s_9c006ddb7e9a.mp3	הַיּוֹם הוּא יוֹם רִאשׁוֹן.	hайóм hу йом ришóн.	Сегодня воскресенье.
467	s_eb7f1058b721.mp3	אֲנִי לוֹמֵד בְּיוֹם חֲמִישִׁי.	анӣ́ ломéд бе-йóм хамишӣ́.	Я учусь в четверг.
468	s_bc9b033910f6.mp3	מָה אַתָּה עוֹשֶׂה הַיּוֹם?	ма атá осэ́ hайóм?	Что ты делаешь сегодня?
469	s_c794b2d08a92.mp3	אֲנִי הוֹלֵךְ הַבַּיְתָה עַכְשָׁיו.	анӣ́ hолéх hабáйта ахшáв.	Я иду домой сейчас.
470	s_b5998072e145.mp3	הוּא בֶּן שְׁלוֹשִׁים הַיּוֹם.	hу бен шлошӣ́м hайóм.	Ему сегодня тридцать лет.
471	s_053ccd3eb9dd.mp3	אֲנִי רוֹצֶה לִקְבּוֹעַ תּוֹר.	анӣ́ роцэ́ ликбóа тор.	Я хочу записаться на приём.
472	s_ce97bf50befb.mp3	אֲנִי הוֹלֵךְ לְרוֹפֵא מִשְׁפָּחָה.	анӣ́ hолéх ле-рофэ́ мишпахá.	Я иду к семейному врачу.
473	s_7c980e91f0f9.mp3	הוּא לוֹקֵחַ אַנְטִיבִּיּוֹטִיקָה הַיּוֹם.	hу локéах антибиóтика hа-йом.	Он принимает сегодня антибиотики.
474	s_ee0b6e047703.mp3	דָּנִי הוּא מְפַתֵּחַ תּוֹכְנָה.	дáни hу мефатéах тохнá.	Дани — разработчик программного обеспечения.
475	s_18a6a3de2418.mp3	כַּמָּה אַתָּה מְקַבֵּל נֶטוֹ?	кáма атá мекабéль нéто?	Сколько ты получаешь нетто?
476	s_85be81f351ff.mp3	הוּא עָמִית שֶׁלִּי לָעֲבוֹדָה.	hу амӣ́т шелӣ́ ла-аводá.	Он мой коллега по работе.
477	s_e70aaad205e5.mp3	אֲנִי עוֹבֵד בְּמִשְׂרָה מְלֵאָה.	анӣ́ овéд бе-мисрá мелеá.	Я работаю на полную ставку.
478	s_7a10888c2dcf.mp3	הוּא עוֹבֵד בְּחֶבְרַת הַי-טֶק.	hу овéд бе-хеврáт háй-тек.	Он работает в хай-тек компании.
479	s_aadc8dcdf9cc.mp3	אֲנִי אֶעֱזוֹר לְךָ בְּכֵיף.	анӣ́ ээзóр лехá бе-кéйф.	Я с удовольствием помогу тебе.
480	s_4f5b7c11c025.mp3	אֲנִי שׁוֹמֵעַ חֲדָשׁוֹת עַכְשָׁו.	анӣ шомéа хадашóт ахшáв.	Я сейчас слушаю новости.
481	s_37875e73fcd9.mp3	הוּא מְשָׁרֵת בְּצַהַ"ל עַכְשָׁו.	hу мешарéт бе-цáhаль ахшáв.	Он сейчас служит в ЦАХАЛе.
482	s_31ed5aa9d86a.mp3	הוּא מַרְגִּישׁ חוּלְשָׁה גְּדוֹלָה.	hу маргӣ́ш хульшá гдолá.	Он чувствует сильную слабость.
483	s_0f227669ac4e.mp3	הוּא יוֹשֵׁב בְּכִסֵּא גַּלְגַּלִּים.	hу йошéв бе-хисэ́ гальгальӣ́м.	Он сидит в инвалидном кресле.
484	s_d53ed54c46c5.mp3	הוּא הוֹלֵךְ לְפִיזְיוֹתֶרָפְּיָה הַיּוֹם.	hу hолéх ле-физйотерáпья hайóм.	Он идёт на физиотерапию сегодня.
485	s_38b4b2353a9a.mp3	הוּא אוֹכֵל אֲרוּחַת צוֹהֳרַיִם.	hу охéль арухáт цоhорáйим.	Он ест обед.
486	s_89e6834ebda2.mp3	הוּא נָח בָּעֶרֶב בַּבַּיִת.	hу нах ба-э́рев ба-бáйт.	Он отдыхает вечером дома.
487	s_7b02d85017e6.mp3	הוּא יָשַׁן הֵיטֵב בַּלַּיְלָה.	hу яшáн hейтéв ба-лáйла.	Он хорошо спал ночью.
488	s_56b9fc9b43d2.mp3	שָׁלוֹם, אֵיךְ אַתָּה מַרְגִּישׁ?	шалóм, эйх атá маргӣ́ш?	Привет, как ты себя чувствуешь?
489	s_9a58e59083cb.mp3	אַתָּה יָכוֹל לָקוּם לְאַט?	атá яхóль лакӯ́м ле-áт?	Ты можешь медленно встать?
490	s_ebf9d7a6b68d.mp3	אֲנִי אֲסַיֵּעַ לְךָ לָקוּם.	анӣ́ асайéа лехá лакӯ́м.	Я помогу тебе встать.
491	s_9553db510d1c.mp3	תֵּירָגַע, אֲנִי אִתְּךָ כָּאן.	терагá, анӣ́ итхá кан.	Успокойся, я с тобой здесь.
492	s_1a368ceb6163.mp3	אַל תִּדְאַג, אֲנִי כָּאן.	аль тидъáг, анӣ́ кан.	Не волнуйся, я здесь.
493	s_91f4686958f5.mp3	עוֹד רֶגַע אֲנִי בָּא.	од рéга анӣ́ ба.	Ещё минутку, я иду.
494	s_2e97cd42bf25.mp3	הוּא מַרְגִּישׁ טוֹב הַיּוֹם.	hу маргӣ́ш тов hайóм.	Он чувствует себя хорошо сегодня.
495	s_d09fc63b6b57.mp3	הוּא לֹא אָכַל מֵהַבּוֹקֶר.	hу ло ахáль ме-hа-бóкер.	Он не ел с утра.
496	s_48d4189f1a3b.mp3	הוּא יָשַׁן טוֹב הַלַּיְלָה.	hу яшáн тов hа-лáйла.	Он хорошо спал этой ночью.
497	s_c5c2a844a411.mp3	הוּא מִלֵּא אֲוִויר בַּצְּמִיג.	hу милé авӣ́р ба-цмиг.	Он накачал воздух в шину.
498	s_eacacd554301.mp3	הוּא הֶחְלִיף גַּלְגַּל בַּמּוּסָךְ.	hу hехлӣ́ф гальгáль ба-мусáх.	Он поменял колесо в автосервисе.
499	s_8e85d4e5f748.mp3	הוּא לָחַץ עַל הַמַּצְמֵד.	hу лахáц аль hа-мацмéд.	Он нажал на сцепление.
500	s_e8d11164d841.mp3	הוּא הֶחְלִיף רְצוּעַת טַיְימִינְג.	hу hехлӣ́ф рецуáт тайминг.	Он заменил ремень ГРМ.
501	s_cc657cfcf22a.mp3	הוּא בָּדַק בּוֹלְמֵי זַעֲזוּעִים.	hу бадáк болмéй заазуӣ́м.	Он проверил амортизаторы.
502	s_e96ab1874021.mp3	אֲנִי צָרִיךְ מַפְתֵּחַ שְׁוֶודִי.	Анӣ царӣ́х мафтéах швéди.	Мне нужен разводной ключ.
503	s_d4abf71b29d2.mp3	אֲנִי צָרִיךְ פְּלָיֶיר חָזָק.	Анӣ царӣ́х плáйер хазáк.	Мне нужны крепкие плоскогубцы.
504	s_fade63bfd34d.mp3	אֲנִי צָרִיךְ פָּנַס רֹאשׁ.	Анӣ царӣ́х панáс рош.	Мне нужен налобный фонарь.
505	s_c2cab38bb189.mp3	הָרֶכֶב הוּא טוֹטָל-לוֹס.	hа-рéхев hу тóтал лос.	Машина восстановлению не подлежит.
506	s_0dd32481ff36.mp3	הַיֶּלֶד בּוֹנֶה בְּאַרְגַּז חוֹל.	hа-йéлед бонé бе-аргáз холь.	Ребёнок строит в песочнице.
507	s_0e46fe6aa475.mp3	הַיֶּלֶד יָשֵׁן עַל מִזְרָן.	hа-йéлед яшéн аль мизрáн.	Ребёнок спит на матрасе.
508	s_40a6701128aa.mp3	הוּא מְחַבֵּק אֶת שְׂמִיכִי.	hу мехабéк эт смӣ́хи.	Он обнимает своё одеяльце.
509	s_01f06e189a8e.mp3	הוּא אָכַל יָפֶה מְאוֹד.	hу ахáль яфé меóд.	Он очень хорошо поел.
510	s_ad8ff92b0b84.mp3	הוּא אַבָּא שֶׁל שַׁבָּת.	hу áба шель шабáт.	Он — «папа Шаббата».
511	s_36b1b04415aa.mp3	הוּא עָבַר שָׁבָץ מוֹחִי.	hу авáр шавáц мохӣ́.	Он перенёс инсульт.
512	s_5fb9c9bc338e.mp3	אֲנִי צָרִיךְ תְּעוּדַת מַחֲלָה.	Анӣ царӣ́х теудáт махалá.	Мне нужен больничный лист.
513	s_30898865c69a.mp3	אֲנִי רוֹשֵׁם לְךָ אַנְטִיבִּיּוֹטִיקָה.	Анӣ рошéм лехá антибийóтика.	Я выписываю вам антибиотик.
514	s_5fb9c9bc338e.mp3	אֲנִי צָרִיךְ תְּעוּדַת מַחֲלָה.	ани́ цари́х теуда́т махала́.	Мне нужна справка о болезни.
515	s_7d24acff750b.mp3	הוּא מְשַׁלֵּם מַס בְּרִיאוּת.	hу мешале́м мас бриу́т.	Он платит налог на здравоохранение.
516	s_76f0883874d4.mp3	הוּא שִׁילֵּם קְנָס כָּבֵד.	hу шиле́м кнас кавэ́д.	Он заплатил большой штраф.
517	s_5d41a2f40b23.mp3	הוּא שִׁילֵּם מַס שֶׁבַח.	hу шиле́м мас ше́вах.	Он заплатил налог на прирост стоимости недвижимости.
518	s_48c8c3e0c824.mp3	הוּא נִרְשַׁם כְּעוֹסֵק פָּטוּר.	hу нирша́м ке-осэ́ пату́р.	Он зарегистрировался как освобождённый предприниматель.
519	s_dcacdfb5f624.mp3	אֲנִי אוֹהֵב סִפְרוּת יָפָה.	анӣ оhéв сифрӯ́т яфá.	Я люблю художественную литературу.
520	s_8c891bc99c23.mp3	אֲנִי פּוֹתֵחַ אֶת הַמִּילּוֹן.	анӣ потéах эт hа-милóн.	Я открываю словарь.
521	s_65fddd4ec9c0.mp3	אֵיךְ אֲנִי יָכוֹל לַעֲזוֹר?	эйх анӣ́ яхóль лаазóр?	Как я могу помочь?
522	s_28d834d615df.mp3	הוּא מְרַסֵּס קֶצֶף פָּעִיל.	hу мерасéс кéцеф паӣ́ль.	Он распыляет активную пену.
523	s_586f4dcef87a.mp3	הוּא מִשְׁתַּמֵּשׁ בְּמַגֵּב גּוּמִי.	hу миштамéш бе-магéв гӯ́ми.	Он использует резиновый водосгон.
524	s_f200c6f70ee7.mp3	דָּוִד קוֹנֶה בַּיִת חָדָשׁ.	Давӣд конé бáит хадáш.	Давид покупает новый дом.
525	s_de9f020ed38d.mp3	אֲנִי רוֹצֶה תֵּה חַם.	анӣ роцэ́ тэ хам.	Я хочу горячий чай.
526	s_88d335084c76.mp3	הוּא שׁוֹתֶה קָפֶה שָׁחוֹר.	hу шотé кафэ́ шахóр.	Он пьёт чёрный кофе.
527	s_478c20a63652.mp3	הַיֶּלֶד חוֹלֶה הַיּוֹם בַּבַּיִת.	hа-йéлед холé hайóм ба-бáит.	Мальчик сегодня болеет дома.
528	s_2f9bc1566f0d.mp3	אֲנִי רוֹצֶה אוֹכֶל בָּרִיא.	анӣ роцэ́ óхель барӣ́.	Я хочу здоровую еду.
529	s_1f5a6dfb3957.mp3	דָּוִד שָׂמֵחַ מְאֹד הַיּוֹם.	Давӣд самéах меóд hайóм.	Давид сегодня очень рад.
530	s_c3b703fed5b7.mp3	הַיֶּלֶד חָכָם מְאוֹד.	hа-éлед хахáм меóд.	Мальчик очень умный.
531	s_fe7a045a3777.mp3	אֲנִי עָסוּק הַיּוֹם.	ани́ ъасу́к hайо́м.	Я сегодня занят.
532	s_380f46425971.mp3	אֲנִי בָּטוּחַ בָּזֶה.	ани́ батýах базэ́.	Я уверен в этом.
533	s_4d742e5ce22a.mp3	אַתָּה תָּמִיד מוּזְמָן אֵלֵינוּ.	атá тамӣ́д музмáн элéйну.	Ты всегда приглашён к нам.
534	s_46711cf9c2cb.mp3	הוּא סוֹפֵר מְפוּרְסָם מְאֹד.	hу софéр мэфурсáм меóд.	Он очень известный писатель.
535	s_72035d8dea5a.mp3	הוּא הָיָה מוּפְתָּע מְאֹד.	hу hайá муфтá меóд.	Он был очень удивлён.
536	s_5b9009e319fd.mp3	לָמָּה אַתָּה עָצוּב הַיּוֹם?	лáма атá ацӯ́в hайóм?	Почему ты сегодня грустный?
537	s_7d0eae746673.mp3	הוּא עָיֵף מְאוֹד הַיּוֹם.	hу айéф меóд hа-йом.	Он сегодня очень устал.
538	s_f0b76486d44c.mp3	אַתָּה רוֹצֶה לָלֶכֶת אִתִּי?	атá роцэ́ лалéхет итӣ́?	Ты хочешь пойти со мной?
539	s_7aa848e2f709.mp3	אַתָּה שׁוֹמֵעַ אוֹתִי טוֹב?	атá шомéа отӣ́ тов?	Ты хорошо меня слышишь?
540	s_f58cba375131.mp3	דָּוִד יוֹשֵׁב לְיָדִי בָּאוּלְפָּן.	Давӣд йошéв ле-ядӣ́ ба-ульпáн.	Давид сидит рядом со мной в ульпане.
541	s_2a459d7f3ebc.mp3	אֲנִי אוֹהֵב אֶת יִשְׂרָאֵל.	анӣ оhéв эт Исраэ́ль.	Я люблю Израиль.
542	s_0e9628127d31.mp3	אֲנִי מְאַחֵר בִּגְלַל הַפְּקָק.	анӣ меахéр биглáль hа-пкáк.	Я опаздываю из-за пробки.
543	s_1f41ed48cb0b.mp3	הוּא הוֹלֵךְ אֶל הַבַּיִת.	hу hолéх эль hабáит.	Он идёт к дому.
544	s_a9e5c6ec20d8.mp3	הוּא שׂוֹחֶה כְּמוֹ דָּג.	hу сохэ́ кмо даг.	Он плавает как рыба.
545	s_3cbbad7fc65c.mp3	אֲנִי צְרִיכָה תּוֹר דָּחוּף.	анӣ црихá тор дахӯф.	Мне нужна срочная очередь.
546	s_2d5bdf45d444.mp3	אֲנִי הוֹלֶכֶת לְבֵית מִרְקַחַת.	анӣ hолéхет ле-вéйт меркáхат.	Я иду в аптеку.
547	s_b9ed15db09af.mp3	הַיֶּלֶד צָרִיךְ לִשְׁתּוֹת תְּרוּפָה.	hайéлед царӣх лишто́т труфá.	Ребёнок должен выпить лекарство.
548	s_369e880ba198.mp3	הַיֶּלֶד שׁוֹתֶה סִירוֹפּ מָתוֹק.	hайéлед шотé сирóп матóк.	Ребёнок пьёт сладкий сироп.
549	s_5911a2bcde72.mp3	הַיֶּלֶד נִשְׁאָר בַּצַּהֲרוֹן הַיּוֹם.	hайéлед ниш’áр ба-цаhарóн hайóм.	Ребёнок остаётся на продлёнке сегодня.
550	s_14b093f29d13.mp3	הַיֶּלֶד יוֹרֵד בַּמַּגְלֵשָׁה.	hайéлед йорéд ба-маглешá.	Ребёнок съезжает с горки.
551	s_f61cb755cd17.mp3	הַיֶּלֶד הוֹלֵךְ לְבֵית סֵפֶר.	hайéлед hолéх ле-вéйт сéфер.	Ребёнок идёт в школу.
552	s_8f382e7d6b60.mp3	הַיֶּלֶד רוֹכֵב עַל קוּרְקִינֶט.	hайéлед рохéв аль куркинéт.	Ребёнок едет на самокате.
553	s_c54baac25928.mp3	הוּא בַּאֲחוּזוֹן חֲמִישִׁים מְצוּיָּן.	hу ба-ахузóн хамишӣм мецуйáн.	Он на отличном пятидесятом процентиле.
554	s_365710b030dd.mp3	הַיֶּלֶד אַפָּתִי וְלֹא שׁוֹתֶה.	hа-йéлед апáти ве-ло шотé.	Ребёнок апатичный и не пьёт.
555	s_f503cb575a6f.mp3	הַמִּינּוּן הוּא לְפִי מִשְׁקָל.	hа-минӯн hу лефӣ мишкáль.	Дозировка идёт по весу.
556	s_99bcdc441866.mp3	הַיֶּלֶד יוֹשֵׁב עַל סִיר.	hа-йéлед йошéв аль сир.	Ребёнок сидит на горшке.
557	s_ad8ff92b0b84.mp3	הוּא אַבָּא שֶׁל שַׁבָּת.	hу áба шель шабáт.	Он дежурный папа Шаббата.
558	s_f949af15baf8.mp3	הוּא מַתְחִיל לְהִתְגַּעְגֵּעַ לְאִמָּא.	hу матхӣль леhитгаагéа ле-ӣма.	Он начинает скучать по маме.
559	s_d6f44f23c290.mp3	הוּא עוֹלֶה לְכִיתָּה א'.	hу олé ле-китá áлеф.	Он идёт в первый класс.
560	s_9a1d0c2fab64.mp3	הַיֶּלֶד נוֹסֵעַ בַּהַסָּעוֹת תָּמִיד.	hа-йéлед носéа ба-hасаóт тамӣд.	Ребёнок всегда ездит на школьной развозке.
561	s_48b0e5b67345.mp3	הַיֶּלֶד חוֹלֶה וְלֹא יַגִּיעַ הַיּוֹם.	hайéлед холé ве-ло ягӣа hайóм.	Ребёнок заболел и сегодня не придёт.
562	s_dd39a9a4d6ed.mp3	הוּא יַגִּיעַ בְּאִיחוּר שֶׁל חֲצִי שָׁעָה.	hу ягӣа бе-ихӯр шель хацӣ шаá.	Он припозднится на полчаса.
563	s_13386f4701cb.mp3	הוּא הוֹלֵךְ לְחוּג ג'וּדוֹ.	hу hолéх ле-хуг джӯдо.	Он ходит на секцию дзюдо.
564	s_5725028136bd.mp3	הוּא רוֹכֵב עַל אוֹפַנַּיִם.	hу рохéв аль офнáим.	Он едет на велосипеде.
565	s_fd1a8178a128.mp3	עַכְשָׁיו תּוֹרוֹ, הוּא חִכָּה רִאשׁוֹן.	ахшáв торó, hу хикá ришóн.	Сейчас его очередь, он ждал первым.